<?xml version="1.0" encoding="UTF-8"?><record_update table="m2m_sp_portal_catalog">
    <m2m_sp_portal_catalog action="INSERT_OR_UPDATE">
        <active>true</active>
        <order>100</order>
        <sc_catalog display_value="Service Catalog">e0d08b13c3330100c8b837659bba8fb4</sc_catalog>
        <sp_portal display_value="HOME">d5962d0ddb433300143c9fd2ca961974</sp_portal>
        <sys_class_name>m2m_sp_portal_catalog</sys_class_name>
        <sys_created_by>admin</sys_created_by>
        <sys_created_on>2019-08-02 05:58:03</sys_created_on>
        <sys_id>c712c60ddb073300143c9fd2ca96194c</sys_id>
        <sys_mod_count>0</sys_mod_count>
        <sys_name>Service Catalog.HOME</sys_name>
        <sys_package display_value="unicorns" source="x_386573_unicorns">a8a4a90ddb033300143c9fd2ca961918</sys_package>
        <sys_policy/>
        <sys_scope display_value="unicorns">a8a4a90ddb033300143c9fd2ca961918</sys_scope>
        <sys_update_name>m2m_sp_portal_catalog_c712c60ddb073300143c9fd2ca96194c</sys_update_name>
        <sys_updated_by>admin</sys_updated_by>
        <sys_updated_on>2019-08-02 05:58:03</sys_updated_on>
    </m2m_sp_portal_catalog>
</record_update>
