<?xml version="1.0" encoding="UTF-8"?><record_update table="sc_cat_item_category">
    <sc_cat_item_category action="INSERT_OR_UPDATE">
        <sc_cat_item display_value="Idly">df6f3109db073300143c9fd2ca961940</sc_cat_item>
        <sc_category display_value="Tiffins">e28aa185db833300143c9fd2ca9619fc</sc_category>
        <sys_class_name>sc_cat_item_category</sys_class_name>
        <sys_created_by>admin</sys_created_by>
        <sys_created_on>2019-08-02 05:47:20</sys_created_on>
        <sys_id>f5aff109db073300143c9fd2ca96192b</sys_id>
        <sys_mod_count>0</sys_mod_count>
        <sys_name>Tiffins.Idly</sys_name>
        <sys_package display_value="unicorns" source="x_386573_unicorns">a8a4a90ddb033300143c9fd2ca961918</sys_package>
        <sys_policy/>
        <sys_scope display_value="unicorns">a8a4a90ddb033300143c9fd2ca961918</sys_scope>
        <sys_update_name>sc_cat_item_category_f5aff109db073300143c9fd2ca96192b</sys_update_name>
        <sys_updated_by>admin</sys_updated_by>
        <sys_updated_on>2019-08-02 05:47:20</sys_updated_on>
    </sc_cat_item_category>
</record_update>
