<?xml version="1.0" encoding="UTF-8"?><record_update table="sc_cat_item_category">
    <sc_cat_item_category action="INSERT_OR_UPDATE">
        <sc_cat_item display_value="Chicken Keema Biryani">cb85fdc5dbc33300143c9fd2ca9619ed</sc_cat_item>
        <sc_category display_value="Non-veg Biryanis">b9bb6dc5db833300143c9fd2ca9619f6</sc_category>
        <sys_class_name>sc_cat_item_category</sys_class_name>
        <sys_created_by>admin</sys_created_by>
        <sys_created_on>2019-08-02 05:04:03</sys_created_on>
        <sys_id>7fb5f509dbc33300143c9fd2ca961947</sys_id>
        <sys_mod_count>0</sys_mod_count>
        <sys_name>Non-veg Biryanis.Chicken Keema Biryani</sys_name>
        <sys_package display_value="unicorns" source="x_386573_unicorns">a8a4a90ddb033300143c9fd2ca961918</sys_package>
        <sys_policy/>
        <sys_scope display_value="unicorns">a8a4a90ddb033300143c9fd2ca961918</sys_scope>
        <sys_update_name>sc_cat_item_category_7fb5f509dbc33300143c9fd2ca961947</sys_update_name>
        <sys_updated_by>admin</sys_updated_by>
        <sys_updated_on>2019-08-02 05:04:03</sys_updated_on>
    </sc_cat_item_category>
</record_update>
