<?xml version="1.0" encoding="UTF-8"?><record_update table="sc_cat_item_catalog">
    <sc_cat_item_catalog action="INSERT_OR_UPDATE">
        <sc_cat_item display_value="Prawns Curry">a4733d45dbc33300143c9fd2ca9619b4</sc_cat_item>
        <sc_catalog display_value="Service Catalog">e0d08b13c3330100c8b837659bba8fb4</sc_catalog>
        <sys_class_name>sc_cat_item_catalog</sys_class_name>
        <sys_created_by>admin</sys_created_by>
        <sys_created_on>2019-08-02 04:55:36</sys_created_on>
        <sys_id>4cd3f945dbc33300143c9fd2ca961988</sys_id>
        <sys_mod_count>0</sys_mod_count>
        <sys_name>Service Catalog.Prawns Curry</sys_name>
        <sys_package display_value="unicorns" source="x_386573_unicorns">a8a4a90ddb033300143c9fd2ca961918</sys_package>
        <sys_policy/>
        <sys_scope display_value="unicorns">a8a4a90ddb033300143c9fd2ca961918</sys_scope>
        <sys_update_name>sc_cat_item_catalog_4cd3f945dbc33300143c9fd2ca961988</sys_update_name>
        <sys_updated_by>admin</sys_updated_by>
        <sys_updated_on>2019-08-02 04:55:36</sys_updated_on>
    </sc_cat_item_catalog>
</record_update>
