<?xml version="1.0" encoding="UTF-8"?><record_update table="sc_cat_item_catalog">
    <sc_cat_item_catalog action="INSERT_OR_UPDATE">
        <sc_cat_item display_value="Kadai Chicken">47e2f545dbc33300143c9fd2ca961946</sc_cat_item>
        <sc_catalog display_value="Service Catalog">e0d08b13c3330100c8b837659bba8fb4</sc_catalog>
        <sys_class_name>sc_cat_item_catalog</sys_class_name>
        <sys_created_by>admin</sys_created_by>
        <sys_created_on>2019-08-02 04:53:41</sys_created_on>
        <sys_id>88633945dbc33300143c9fd2ca961949</sys_id>
        <sys_mod_count>0</sys_mod_count>
        <sys_name>Service Catalog.Kadai Chicken</sys_name>
        <sys_package display_value="unicorns" source="x_386573_unicorns">a8a4a90ddb033300143c9fd2ca961918</sys_package>
        <sys_policy/>
        <sys_scope display_value="unicorns">a8a4a90ddb033300143c9fd2ca961918</sys_scope>
        <sys_update_name>sc_cat_item_catalog_88633945dbc33300143c9fd2ca961949</sys_update_name>
        <sys_updated_by>admin</sys_updated_by>
        <sys_updated_on>2019-08-02 04:53:41</sys_updated_on>
    </sc_cat_item_catalog>
</record_update>
