<?xml version="1.0" encoding="UTF-8"?><record_update table="sc_cat_item_catalog">
    <sc_cat_item_catalog action="INSERT_OR_UPDATE">
        <sc_cat_item display_value="Black Current ice Cream">bb2f21cddb833300143c9fd2ca9619e1</sc_cat_item>
        <sc_catalog display_value="Service Catalog">e0d08b13c3330100c8b837659bba8fb4</sc_catalog>
        <sys_class_name>sc_cat_item_catalog</sys_class_name>
        <sys_created_by>admin</sys_created_by>
        <sys_created_on>2019-08-02 04:36:07</sys_created_on>
        <sys_id>b25f61cddb833300143c9fd2ca96193d</sys_id>
        <sys_mod_count>0</sys_mod_count>
        <sys_name>Service Catalog.Black Current ice Cream</sys_name>
        <sys_package display_value="unicorns" source="x_386573_unicorns">a8a4a90ddb033300143c9fd2ca961918</sys_package>
        <sys_policy/>
        <sys_scope display_value="unicorns">a8a4a90ddb033300143c9fd2ca961918</sys_scope>
        <sys_update_name>sc_cat_item_catalog_b25f61cddb833300143c9fd2ca96193d</sys_update_name>
        <sys_updated_by>admin</sys_updated_by>
        <sys_updated_on>2019-08-02 04:36:07</sys_updated_on>
    </sc_cat_item_catalog>
</record_update>
