<?xml version="1.0" encoding="UTF-8"?><record_update table="sc_cat_item_category">
    <sc_cat_item_category action="INSERT_OR_UPDATE">
        <sc_cat_item display_value="Meals">94210689db073300143c9fd2ca9619be</sc_cat_item>
        <sc_category display_value="Meals">32d08e49db073300143c9fd2ca9619b4</sc_category>
        <sys_class_name>sc_cat_item_category</sys_class_name>
        <sys_created_by>admin</sys_created_by>
        <sys_created_on>2019-08-02 05:54:46</sys_created_on>
        <sys_id>b6514689db073300143c9fd2ca96192e</sys_id>
        <sys_mod_count>0</sys_mod_count>
        <sys_name>Meals.Meals</sys_name>
        <sys_package display_value="unicorns" source="x_386573_unicorns">a8a4a90ddb033300143c9fd2ca961918</sys_package>
        <sys_policy/>
        <sys_scope display_value="unicorns">a8a4a90ddb033300143c9fd2ca961918</sys_scope>
        <sys_update_name>sc_cat_item_category_b6514689db073300143c9fd2ca96192e</sys_update_name>
        <sys_updated_by>admin</sys_updated_by>
        <sys_updated_on>2019-08-02 05:54:46</sys_updated_on>
    </sc_cat_item_category>
</record_update>
