<?xml version="1.0" encoding="UTF-8"?><record_update table="sp_column">
    <sp_column action="INSERT_OR_UPDATE">
        <class_name/>
        <order>1</order>
        <size>3</size>
        <size_lg/>
        <size_sm/>
        <size_xs/>
        <sp_row display_value="5">ccd8e9c1db833300143c9fd2ca96192b</sp_row>
        <sys_class_name>sp_column</sys_class_name>
        <sys_created_by>admin</sys_created_by>
        <sys_created_on>2019-08-02 04:07:32</sys_created_on>
        <sys_id>48d8e9c1db833300143c9fd2ca96192d</sys_id>
        <sys_mod_count>0</sys_mod_count>
        <sys_name>1</sys_name>
        <sys_package display_value="unicorns" source="x_386573_unicorns">a8a4a90ddb033300143c9fd2ca961918</sys_package>
        <sys_policy/>
        <sys_scope display_value="unicorns">a8a4a90ddb033300143c9fd2ca961918</sys_scope>
        <sys_update_name>sp_column_48d8e9c1db833300143c9fd2ca96192d</sys_update_name>
        <sys_updated_by>admin</sys_updated_by>
        <sys_updated_on>2019-08-02 04:07:32</sys_updated_on>
    </sp_column>
</record_update>
