<?xml version="1.0" encoding="UTF-8"?><record_update table="sp_container">
    <sp_container action="INSERT_OR_UPDATE">
        <background_color/>
        <background_image/>
        <background_style>default</background_style>
        <bootstrap_alt>false</bootstrap_alt>
        <class_name/>
        <container_class_name/>
        <name>submissionpage - Container 1</name>
        <order>1</order>
        <sp_page display_value="submissionpage">0ecca5c9db833300143c9fd2ca961948</sp_page>
        <subheader>false</subheader>
        <sys_class_name>sp_container</sys_class_name>
        <sys_created_by>admin</sys_created_by>
        <sys_created_on>2019-08-02 04:25:43</sys_created_on>
        <sys_id>22fc2dc9db833300143c9fd2ca961904</sys_id>
        <sys_mod_count>0</sys_mod_count>
        <sys_name>submissionpage - Container 1</sys_name>
        <sys_package display_value="unicorns" source="x_386573_unicorns">a8a4a90ddb033300143c9fd2ca961918</sys_package>
        <sys_policy/>
        <sys_scope display_value="unicorns">a8a4a90ddb033300143c9fd2ca961918</sys_scope>
        <sys_update_name>sp_container_22fc2dc9db833300143c9fd2ca961904</sys_update_name>
        <sys_updated_by>admin</sys_updated_by>
        <sys_updated_on>2019-08-02 04:25:43</sys_updated_on>
        <title/>
        <width>container</width>
    </sp_container>
</record_update>
