<?xml version="1.0" encoding="UTF-8"?><record_update table="sp_column">
    <sp_column action="INSERT_OR_UPDATE">
        <class_name/>
        <order>2</order>
        <size>6</size>
        <size_lg/>
        <size_sm/>
        <size_xs/>
        <sp_row display_value="1">8f5cda01db0b3300143c9fd2ca961928</sp_row>
        <sys_class_name>sp_column</sys_class_name>
        <sys_created_by>admin</sys_created_by>
        <sys_created_on>2019-08-02 07:52:44</sys_created_on>
        <sys_id>035cda01db0b3300143c9fd2ca96192c</sys_id>
        <sys_mod_count>0</sys_mod_count>
        <sys_name>2</sys_name>
        <sys_package display_value="unicorns" source="x_386573_unicorns">a8a4a90ddb033300143c9fd2ca961918</sys_package>
        <sys_policy/>
        <sys_scope display_value="unicorns">a8a4a90ddb033300143c9fd2ca961918</sys_scope>
        <sys_update_name>sp_column_035cda01db0b3300143c9fd2ca96192c</sys_update_name>
        <sys_updated_by>admin</sys_updated_by>
        <sys_updated_on>2019-08-02 07:52:44</sys_updated_on>
    </sp_column>
</record_update>
