<?xml version="1.0" encoding="UTF-8"?><record_update table="sp_instance_link">
    <sp_instance_link action="INSERT_OR_UPDATE">
        <active>true</active>
        <class_name/>
        <color>default</color>
        <css/>
        <glyph>hand-o-down</glyph>
        <id/>
        <kb_article/>
        <kb_category/>
        <kb_topic/>
        <order>1</order>
        <roles/>
        <sc_cat_item/>
        <sc_category/>
        <short_description>CLICK HERE FOR EVENT VENUE YOU HAVE REGISTERED</short_description>
        <size>md</size>
        <sp_column display_value="1">033d7d05db073300143c9fd2ca9619fe</sp_column>
        <sp_page/>
        <sp_widget display_value="Icon Link">3caa67afcb13020000f8d856634c9c2e</sp_widget>
        <sys_class_name>sp_instance_link</sys_class_name>
        <sys_created_by>admin</sys_created_by>
        <sys_created_on>2019-08-02 05:42:32</sys_created_on>
        <sys_id>238ebd85db073300143c9fd2ca9619a5</sys_id>
        <sys_mod_count>3</sys_mod_count>
        <sys_name>EVENT VENUE</sys_name>
        <sys_package display_value="unicorns" source="x_386573_unicorns">a8a4a90ddb033300143c9fd2ca961918</sys_package>
        <sys_policy/>
        <sys_scope display_value="unicorns">a8a4a90ddb033300143c9fd2ca961918</sys_scope>
        <sys_update_name>sp_instance_link_238ebd85db073300143c9fd2ca9619a5</sys_update_name>
        <sys_updated_by>admin</sys_updated_by>
        <sys_updated_on>2019-08-02 05:45:09</sys_updated_on>
        <title>EVENT VENUE</title>
        <type>url</type>
        <url>https://docs.google.com/spreadsheets/d/1peyucmE83jWFU2rRVQvbf7vnCbuCnjXi_d48Y95f9E8/edit?usp=sharing</url>
        <widget_parameters><![CDATA[{
	"link_template": {
		"value": "",
		"displayValue": ""
	}
}]]></widget_parameters>
    </sp_instance_link>
    <sys_translated_text action="delete_multiple" query="documentkey=238ebd85db073300143c9fd2ca9619a5"/>
</record_update>
