<?xml version="1.0" encoding="UTF-8"?><record_update table="sp_instance_link">
    <sp_instance_link action="INSERT_OR_UPDATE">
        <active>true</active>
        <class_name/>
        <color>default</color>
        <css/>
        <glyph>user</glyph>
        <id/>
        <kb_article/>
        <kb_category/>
        <kb_topic/>
        <order>1</order>
        <roles/>
        <sc_cat_item/>
        <sc_category/>
        <short_description>create new user account</short_description>
        <size>md</size>
        <sp_column display_value="3">8ce7a141db833300143c9fd2ca9619e4</sp_column>
        <sp_page/>
        <sp_widget display_value="Icon Link">3caa67afcb13020000f8d856634c9c2e</sp_widget>
        <sys_class_name>sp_instance_link</sys_class_name>
        <sys_created_by>admin</sys_created_by>
        <sys_created_on>2019-08-02 03:55:36</sys_created_on>
        <sys_id>99166189db433300143c9fd2ca9619f8</sys_id>
        <sys_mod_count>12</sys_mod_count>
        <sys_name>SIGN UP</sys_name>
        <sys_package display_value="unicorns" source="x_386573_unicorns">a8a4a90ddb033300143c9fd2ca961918</sys_package>
        <sys_policy/>
        <sys_scope display_value="unicorns">a8a4a90ddb033300143c9fd2ca961918</sys_scope>
        <sys_update_name>sp_instance_link_99166189db433300143c9fd2ca9619f8</sys_update_name>
        <sys_updated_by>admin</sys_updated_by>
        <sys_updated_on>2019-08-02 08:02:20</sys_updated_on>
        <title>SIGN UP</title>
        <type>url</type>
        <url>https://dev69105.service-now.com/user_registration_request.do</url>
        <widget_parameters><![CDATA[{
	"link_template": {
		"value": "Color Box",
		"displayValue": "Color Box"
	}
}]]></widget_parameters>
    </sp_instance_link>
    <sys_translated_text action="delete_multiple" query="documentkey=99166189db433300143c9fd2ca9619f8"/>
</record_update>
