<?xml version="1.0" encoding="UTF-8"?><record_update table="sp_instance_link">
    <sp_instance_link action="INSERT_OR_UPDATE">
        <active>true</active>
        <class_name/>
        <color>default</color>
        <css/>
        <glyph/>
        <id/>
        <kb_article/>
        <kb_category/>
        <kb_topic/>
        <order>1</order>
        <roles/>
        <sc_cat_item/>
        <sc_category/>
        <short_description/>
        <size>md</size>
        <sp_column display_value="1">8fd96545db833300143c9fd2ca9619f9</sp_column>
        <sp_page/>
        <sp_widget display_value="Icon Link">3caa67afcb13020000f8d856634c9c2e</sp_widget>
        <sys_class_name>sp_instance_link</sys_class_name>
        <sys_created_by>admin</sys_created_by>
        <sys_created_on>2019-08-02 04:13:19</sys_created_on>
        <sys_id>ec2aad45db833300143c9fd2ca961925</sys_id>
        <sys_mod_count>0</sys_mod_count>
        <sys_name/>
        <sys_package display_value="unicorns" source="x_386573_unicorns">a8a4a90ddb033300143c9fd2ca961918</sys_package>
        <sys_policy/>
        <sys_scope display_value="unicorns">a8a4a90ddb033300143c9fd2ca961918</sys_scope>
        <sys_update_name>sp_instance_link_ec2aad45db833300143c9fd2ca961925</sys_update_name>
        <sys_updated_by>admin</sys_updated_by>
        <sys_updated_on>2019-08-02 04:13:19</sys_updated_on>
        <title/>
        <type>page</type>
        <url/>
        <widget_parameters/>
    </sp_instance_link>
    <sys_translated_text action="delete_multiple" query="documentkey=ec2aad45db833300143c9fd2ca961925"/>
</record_update>
