<?xml version="1.0" encoding="UTF-8"?><record_update table="sp_instance_link">
    <sp_instance_link action="INSERT_OR_UPDATE">
        <active>true</active>
        <class_name/>
        <color>default</color>
        <css/>
        <glyph>smile-o</glyph>
        <id/>
        <kb_article/>
        <kb_category/>
        <kb_topic/>
        <order>1</order>
        <roles/>
        <sc_cat_item/>
        <sc_category/>
        <short_description>YOU HAVE SUCCESSFULLY REGISTERED FOR SAMYAK</short_description>
        <size>md</size>
        <sp_column display_value="1">140d6dc9db833300143c9fd2ca96195e</sp_column>
        <sp_page/>
        <sp_widget display_value="Icon Link">3caa67afcb13020000f8d856634c9c2e</sp_widget>
        <sys_class_name>sp_instance_link</sys_class_name>
        <sys_created_by>admin</sys_created_by>
        <sys_created_on>2019-08-02 04:26:00</sys_created_on>
        <sys_id>aa0dadc9db833300143c9fd2ca961986</sys_id>
        <sys_mod_count>1</sys_mod_count>
        <sys_name>THANK YOU</sys_name>
        <sys_package display_value="unicorns" source="x_386573_unicorns">a8a4a90ddb033300143c9fd2ca961918</sys_package>
        <sys_policy/>
        <sys_scope display_value="unicorns">a8a4a90ddb033300143c9fd2ca961918</sys_scope>
        <sys_update_name>sp_instance_link_aa0dadc9db833300143c9fd2ca961986</sys_update_name>
        <sys_updated_by>admin</sys_updated_by>
        <sys_updated_on>2019-08-02 04:26:33</sys_updated_on>
        <title>THANK YOU</title>
        <type>page</type>
        <url/>
        <widget_parameters><![CDATA[{
	"link_template": {
		"value": "",
		"displayValue": ""
	}
}]]></widget_parameters>
    </sp_instance_link>
    <sys_translated_text action="delete_multiple" query="documentkey=aa0dadc9db833300143c9fd2ca961986"/>
</record_update>
