<?xml version="1.0" encoding="UTF-8"?><record_update table="sp_page">
    <sp_page action="INSERT_OR_UPDATE">
        <category>custom</category>
        <css/>
        <draft>false</draft>
        <dynamic_title_structure/>
        <id>loginpage1</id>
        <internal>false</internal>
        <public>false</public>
        <roles/>
        <short_description/>
        <sys_class_name>sp_page</sys_class_name>
        <sys_created_by>admin</sys_created_by>
        <sys_created_on>2019-08-02 07:52:18</sys_created_on>
        <sys_id>c23c5a01db0b3300143c9fd2ca9619a2</sys_id>
        <sys_mod_count>0</sys_mod_count>
        <sys_name>loginpage1</sys_name>
        <sys_package display_value="unicorns" source="x_386573_unicorns">a8a4a90ddb033300143c9fd2ca961918</sys_package>
        <sys_policy/>
        <sys_scope display_value="unicorns">a8a4a90ddb033300143c9fd2ca961918</sys_scope>
        <sys_update_name>sp_page_c23c5a01db0b3300143c9fd2ca9619a2</sys_update_name>
        <sys_updated_by>admin</sys_updated_by>
        <sys_updated_on>2019-08-02 07:52:18</sys_updated_on>
        <title>loginpage1</title>
    </sp_page>
    <sys_translated_text action="delete_multiple" query="documentkey=c23c5a01db0b3300143c9fd2ca9619a2"/>
</record_update>
