<?xml version="1.0" encoding="UTF-8"?><record_update table="sp_page">
    <sp_page action="INSERT_OR_UPDATE">
        <category>custom</category>
        <css>body&#13;
{&#13;
  background-color:black;&#13;
}</css>
        <draft>false</draft>
        <dynamic_title_structure/>
        <id>homepage</id>
        <internal>false</internal>
        <public>false</public>
        <roles/>
        <short_description/>
        <sys_class_name>sp_page</sys_class_name>
        <sys_created_by>admin</sys_created_by>
        <sys_created_on>2019-08-02 04:07:01</sys_created_on>
        <sys_id>7da8a5c1db833300143c9fd2ca961985</sys_id>
        <sys_mod_count>6</sys_mod_count>
        <sys_name>homepage</sys_name>
        <sys_package display_value="unicorns" source="x_386573_unicorns">a8a4a90ddb033300143c9fd2ca961918</sys_package>
        <sys_policy/>
        <sys_scope display_value="unicorns">a8a4a90ddb033300143c9fd2ca961918</sys_scope>
        <sys_update_name>sp_page_7da8a5c1db833300143c9fd2ca961985</sys_update_name>
        <sys_updated_by>admin</sys_updated_by>
        <sys_updated_on>2019-08-02 09:02:53</sys_updated_on>
        <title>homepage</title>
    </sp_page>
    <sys_translated_text action="delete_multiple" query="documentkey=7da8a5c1db833300143c9fd2ca961985"/>
</record_update>
