<?xml version="1.0" encoding="UTF-8"?><record_update table="sp_row">
    <sp_row action="INSERT_OR_UPDATE">
        <class_name/>
        <order>2</order>
        <sp_column/>
        <sp_container display_value="submissionpage1 - Container 1">b964b985dbc33300143c9fd2ca9619bf</sp_container>
        <sys_class_name>sp_row</sys_class_name>
        <sys_created_by>admin</sys_created_by>
        <sys_created_on>2019-08-02 08:52:05</sys_created_on>
        <sys_id>94f9e64ddb0b3300143c9fd2ca96194c</sys_id>
        <sys_mod_count>1</sys_mod_count>
        <sys_name>2</sys_name>
        <sys_package display_value="unicorns" source="x_386573_unicorns">a8a4a90ddb033300143c9fd2ca961918</sys_package>
        <sys_policy/>
        <sys_scope display_value="unicorns">a8a4a90ddb033300143c9fd2ca961918</sys_scope>
        <sys_update_name>sp_row_94f9e64ddb0b3300143c9fd2ca96194c</sys_update_name>
        <sys_updated_by>admin</sys_updated_by>
        <sys_updated_on>2019-08-02 08:52:09</sys_updated_on>
    </sp_row>
</record_update>
