<?xml version="1.0" encoding="UTF-8"?><record_update table="sys_hub_action_instance">
    <sys_hub_action_instance action="INSERT_OR_UPDATE">
        <action_inputs/>
        <action_type display_value="Send Email">716281160b100300d97d8bf637673ac7</action_type>
        <action_type_parent/>
        <comment/>
        <compiled_snapshot>716281160b100300d97d8bf637673ac7</compiled_snapshot>
        <display_text/>
        <flow display_value="klu_flow">54e80285db473300143c9fd2ca9619d7</flow>
        <order>1.3.1</order>
        <parent_ui_id>d1bcfb27-8df2-4d54-90a9-fa306507eca5</parent_ui_id>
        <sys_class_name>sys_hub_action_instance</sys_class_name>
        <sys_created_by>admin</sys_created_by>
        <sys_created_on>2019-08-02 06:38:30</sys_created_on>
        <sys_id>235b8285db873300143c9fd2ca9619b5</sys_id>
        <sys_mod_count>34</sys_mod_count>
        <sys_name/>
        <sys_package display_value="unicorns" source="x_386573_unicorns">a8a4a90ddb033300143c9fd2ca961918</sys_package>
        <sys_policy/>
        <sys_scope display_value="unicorns">a8a4a90ddb033300143c9fd2ca961918</sys_scope>
        <sys_update_name>sys_hub_action_instance_235b8285db873300143c9fd2ca9619b5</sys_update_name>
        <sys_updated_by>system</sys_updated_by>
        <sys_updated_on>2019-08-02 08:45:42</sys_updated_on>
        <ui_id>f2989c46-e924-4f6f-9649-73d1d19c0f84</ui_id>
    </sys_hub_action_instance>
    <sys_variable_value action="delete_multiple" query="document_key=235b8285db873300143c9fd2ca9619b5"/>
    <sys_variable_value action="INSERT_OR_UPDATE">
        <document>sys_hub_action_instance</document>
        <document_key>235b8285db873300143c9fd2ca9619b5</document_key>
        <order>4</order>
        <sys_class_name>sys_variable_value</sys_class_name>
        <sys_created_by>admin</sys_created_by>
        <sys_created_on>2019-08-02 06:38:30</sys_created_on>
        <sys_id>2f5b8285db873300143c9fd2ca9619ba</sys_id>
        <sys_mod_count>0</sys_mod_count>
        <sys_updated_by>admin</sys_updated_by>
        <sys_updated_on>2019-08-02 06:38:30</sys_updated_on>
        <value>&lt;p&gt;SORRY, WE ARE UNABLE TO PROVIDE YOUR CERTIFICATE AS YOU ARE ABSENT FOR THE EVENT.&lt;/p&gt;
&lt;p&gt;THANK YOU&lt;/p&gt;</value>
        <variable display_value="">c71241160b100300d97d8bf637673a55</variable>
    </sys_variable_value>
    <sys_variable_value action="INSERT_OR_UPDATE">
        <document>sys_hub_action_instance</document>
        <document_key>235b8285db873300143c9fd2ca9619b5</document_key>
        <order>3</order>
        <sys_class_name>sys_variable_value</sys_class_name>
        <sys_created_by>admin</sys_created_by>
        <sys_created_on>2019-08-02 06:40:13</sys_created_on>
        <sys_id>3ccbca85db873300143c9fd2ca96199a</sys_id>
        <sys_mod_count>0</sys_mod_count>
        <sys_updated_by>admin</sys_updated_by>
        <sys_updated_on>2019-08-02 06:40:13</sys_updated_on>
        <value>YOU ARE ABSENT FOR THE EVENT</value>
        <variable display_value="">0a62c1160b100300d97d8bf637673a05</variable>
    </sys_variable_value>
    <sys_variable_value action="INSERT_OR_UPDATE">
        <document>sys_hub_action_instance</document>
        <document_key>235b8285db873300143c9fd2ca9619b5</document_key>
        <order>0</order>
        <sys_class_name>sys_variable_value</sys_class_name>
        <sys_created_by>admin</sys_created_by>
        <sys_created_on>2019-08-02 06:38:30</sys_created_on>
        <sys_id>6b5b8285db873300143c9fd2ca9619ba</sys_id>
        <sys_mod_count>0</sys_mod_count>
        <sys_updated_by>admin</sys_updated_by>
        <sys_updated_on>2019-08-02 06:38:30</sys_updated_on>
        <value>160040081@kluniversity.in</value>
        <variable display_value="">f61205d20b100300d97d8bf637673ac2</variable>
    </sys_variable_value>
    <sys_variable_value action="INSERT_OR_UPDATE">
        <document>sys_hub_action_instance</document>
        <document_key>235b8285db873300143c9fd2ca9619b5</document_key>
        <order>4</order>
        <sys_class_name>sys_variable_value</sys_class_name>
        <sys_created_by>admin</sys_created_by>
        <sys_created_on>2019-08-02 06:40:13</sys_created_on>
        <sys_id>78cbca85db873300143c9fd2ca96199a</sys_id>
        <sys_mod_count>0</sys_mod_count>
        <sys_updated_by>admin</sys_updated_by>
        <sys_updated_on>2019-08-02 06:40:13</sys_updated_on>
        <value>&lt;p&gt;SORRY, WE ARE UNABLE TO PROVIDE YOUR CERTIFICATE AS YOU ARE ABSENT FOR THE EVENT.&lt;/p&gt;
&lt;p&gt;THANK YOU&lt;/p&gt;</value>
        <variable display_value="">4e62c1160b100300d97d8bf637673a10</variable>
    </sys_variable_value>
    <sys_variable_value action="INSERT_OR_UPDATE">
        <document>sys_hub_action_instance</document>
        <document_key>235b8285db873300143c9fd2ca9619b5</document_key>
        <order>0</order>
        <sys_class_name>sys_variable_value</sys_class_name>
        <sys_created_by>admin</sys_created_by>
        <sys_created_on>2019-08-02 06:40:13</sys_created_on>
        <sys_id>b4cbca85db873300143c9fd2ca96199a</sys_id>
        <sys_mod_count>0</sys_mod_count>
        <sys_updated_by>admin</sys_updated_by>
        <sys_updated_on>2019-08-02 06:40:13</sys_updated_on>
        <value>160040081@kluniversity.in</value>
        <variable display_value="">ce6281160b100300d97d8bf637673ac9</variable>
    </sys_variable_value>
    <sys_variable_value action="INSERT_OR_UPDATE">
        <document>sys_hub_action_instance</document>
        <document_key>235b8285db873300143c9fd2ca9619b5</document_key>
        <order>3</order>
        <sys_class_name>sys_variable_value</sys_class_name>
        <sys_created_by>admin</sys_created_by>
        <sys_created_on>2019-08-02 06:38:30</sys_created_on>
        <sys_id>ef5b8285db873300143c9fd2ca9619ba</sys_id>
        <sys_mod_count>0</sys_mod_count>
        <sys_updated_by>admin</sys_updated_by>
        <sys_updated_on>2019-08-02 06:38:30</sys_updated_on>
        <value>YOU ARE ABSENT FOR THE EVENT</value>
        <variable display_value="">b21241160b100300d97d8bf637673a4a</variable>
    </sys_variable_value>
</record_update>
