<?xml version="1.0" encoding="UTF-8"?><record_update table="sys_hub_flow_logic">
    <sys_hub_flow_logic action="INSERT_OR_UPDATE">
        <block display_value="">cf040601db473300143c9fd2ca961931</block>
        <comment/>
        <connected_to>bb0bb2d8-8fe7-4490-a723-2d91d51295f9</connected_to>
        <decision_table/>
        <decision_table_inputs/>
        <display_text/>
        <flow display_value="certificate_flow">60524a0ddb073300143c9fd2ca96194d</flow>
        <inputs/>
        <logic_definition display_value="Else">1f781bf3c32232002841b63b12d3aee6</logic_definition>
        <order>1.3</order>
        <outputs_assigned/>
        <outputs_to_assign/>
        <parent_ui_id>588cf915-7f42-48a4-b50e-50bb8641fc79</parent_ui_id>
        <sys_class_name>sys_hub_flow_logic</sys_class_name>
        <sys_created_by>admin</sys_created_by>
        <sys_created_on>2019-08-02 06:06:31</sys_created_on>
        <sys_id>07040601db473300143c9fd2ca961933</sys_id>
        <sys_mod_count>25</sys_mod_count>
        <sys_name/>
        <sys_package display_value="unicorns" source="x_386573_unicorns">a8a4a90ddb033300143c9fd2ca961918</sys_package>
        <sys_policy/>
        <sys_scope display_value="unicorns">a8a4a90ddb033300143c9fd2ca961918</sys_scope>
        <sys_update_name>sys_hub_flow_logic_07040601db473300143c9fd2ca961933</sys_update_name>
        <sys_updated_by>admin</sys_updated_by>
        <sys_updated_on>2019-08-02 10:25:08</sys_updated_on>
        <ui_id>9399b226-0058-4e3c-9bd1-1d20224e379e</ui_id>
        <workflow_inputs/>
        <workflow_reference/>
    </sys_hub_flow_logic>
    <sys_variable_value action="delete_multiple" query="document_key=07040601db473300143c9fd2ca961933"/>
</record_update>
