<?xml version="1.0" encoding="UTF-8"?><record_update table="sys_db_object">
    <sys_db_object action="INSERT_OR_UPDATE">
        <access>public</access>
        <actions_access>false</actions_access>
        <alter_access>false</alter_access>
        <client_scripts_access>false</client_scripts_access>
        <configuration_access>false</configuration_access>
        <create_access>false</create_access>
        <create_access_controls>true</create_access_controls>
        <delete_access>false</delete_access>
        <extension_model/>
        <is_extendable>true</is_extendable>
        <label>KLU_Registration</label>
        <live_feed_enabled>false</live_feed_enabled>
        <name>x_386573_unicorns_klu_registration</name>
        <number_ref/>
        <provider_class/>
        <read_access>true</read_access>
        <super_class display_value="Registration" name="x_386573_unicorns_registration">73a4e9cddb033300143c9fd2ca9619a8</super_class>
        <sys_class_code/>
        <sys_class_name>sys_db_object</sys_class_name>
        <sys_class_path/>
        <sys_created_by>admin</sys_created_by>
        <sys_created_on>2019-08-02 04:11:20</sys_created_on>
        <sys_id>49896905db833300143c9fd2ca961987</sys_id>
        <sys_mod_count>0</sys_mod_count>
        <sys_name>KLU_Registration</sys_name>
        <sys_package display_value="unicorns" source="x_386573_unicorns">a8a4a90ddb033300143c9fd2ca961918</sys_package>
        <sys_policy/>
        <sys_scope display_value="unicorns">a8a4a90ddb033300143c9fd2ca961918</sys_scope>
        <sys_update_name>sys_db_object_49896905db833300143c9fd2ca961987</sys_update_name>
        <sys_updated_by>admin</sys_updated_by>
        <sys_updated_on>2019-08-02 04:11:20</sys_updated_on>
        <update_access>false</update_access>
        <user_role display_value="x_386573_unicorns.klu_registration_user" name="x_386573_unicorns.klu_registration_user">aba96505db833300143c9fd2ca9619ca</user_role>
        <ws_access>true</ws_access>
    </sys_db_object>
</record_update>
