<?xml version="1.0" encoding="UTF-8"?><record_update>
    <sys_choice action="INSERT_OR_UPDATE" field="u_choice_12" table="x_386573_unicorns_registration" version="3">
        <sys_choice action="INSERT_OR_UPDATE">
            <dependent_value/>
            <element>u_choice_12</element>
            <hint/>
            <inactive>false</inactive>
            <label>Blind Fold</label>
            <language>en</language>
            <name>x_386573_unicorns_registration</name>
            <sequence>0</sequence>
            <sys_created_by>admin</sys_created_by>
            <sys_created_on>2019-08-02 04:10:25</sys_created_on>
            <sys_domain>global</sys_domain>
            <sys_domain_path>/</sys_domain_path>
            <sys_id>d6792905db833300143c9fd2ca96192c</sys_id>
            <sys_mod_count>0</sys_mod_count>
            <sys_updated_by>admin</sys_updated_by>
            <sys_updated_on>2019-08-02 04:10:25</sys_updated_on>
            <value>blind fold</value>
        </sys_choice>
        <sys_choice action="INSERT_OR_UPDATE">
            <dependent_value/>
            <element>u_choice_12</element>
            <hint/>
            <inactive>false</inactive>
            <label>Mock CID</label>
            <language>en</language>
            <name>x_386573_unicorns_registration</name>
            <sequence>1</sequence>
            <sys_created_by>admin</sys_created_by>
            <sys_created_on>2019-08-02 04:10:25</sys_created_on>
            <sys_domain>global</sys_domain>
            <sys_domain_path>/</sys_domain_path>
            <sys_id>56792905db833300143c9fd2ca96192e</sys_id>
            <sys_mod_count>0</sys_mod_count>
            <sys_updated_by>admin</sys_updated_by>
            <sys_updated_on>2019-08-02 04:10:25</sys_updated_on>
            <value>mock cid</value>
        </sys_choice>
        <sys_choice action="INSERT_OR_UPDATE">
            <dependent_value/>
            <element>u_choice_12</element>
            <hint/>
            <inactive>false</inactive>
            <label>Minute to Win it</label>
            <language>en</language>
            <name>x_386573_unicorns_registration</name>
            <sequence>2</sequence>
            <sys_created_by>admin</sys_created_by>
            <sys_created_on>2019-08-02 04:10:25</sys_created_on>
            <sys_domain>global</sys_domain>
            <sys_domain_path>/</sys_domain_path>
            <sys_id>12792905db833300143c9fd2ca961930</sys_id>
            <sys_mod_count>0</sys_mod_count>
            <sys_updated_by>admin</sys_updated_by>
            <sys_updated_on>2019-08-02 04:10:25</sys_updated_on>
            <value>minute to win it</value>
        </sys_choice>
        <sys_choice action="INSERT_OR_UPDATE">
            <dependent_value/>
            <element>u_choice_12</element>
            <hint/>
            <inactive>false</inactive>
            <label>Mega BubbleChallenge</label>
            <language>en</language>
            <name>x_386573_unicorns_registration</name>
            <sequence>3</sequence>
            <sys_created_by>admin</sys_created_by>
            <sys_created_on>2019-08-02 04:10:25</sys_created_on>
            <sys_domain>global</sys_domain>
            <sys_domain_path>/</sys_domain_path>
            <sys_id>da792905db833300143c9fd2ca961931</sys_id>
            <sys_mod_count>0</sys_mod_count>
            <sys_updated_by>admin</sys_updated_by>
            <sys_updated_on>2019-08-02 04:10:25</sys_updated_on>
            <value>mega bubblechallenge</value>
        </sys_choice>
        <sys_choice action="INSERT_OR_UPDATE">
            <dependent_value/>
            <element>u_choice_12</element>
            <hint/>
            <inactive>false</inactive>
            <label>Whats In the BOX</label>
            <language>en</language>
            <name>x_386573_unicorns_registration</name>
            <sequence>4</sequence>
            <sys_created_by>admin</sys_created_by>
            <sys_created_on>2019-08-02 04:10:25</sys_created_on>
            <sys_domain>global</sys_domain>
            <sys_domain_path>/</sys_domain_path>
            <sys_id>96792905db833300143c9fd2ca961933</sys_id>
            <sys_mod_count>0</sys_mod_count>
            <sys_updated_by>admin</sys_updated_by>
            <sys_updated_on>2019-08-02 04:10:25</sys_updated_on>
            <value>whats in the box</value>
        </sys_choice>
        <sys_choice action="INSERT_OR_UPDATE">
            <dependent_value/>
            <element>u_choice_12</element>
            <hint/>
            <inactive>false</inactive>
            <label>Twister</label>
            <language>en</language>
            <name>x_386573_unicorns_registration</name>
            <sequence>5</sequence>
            <sys_created_by>admin</sys_created_by>
            <sys_created_on>2019-08-02 04:10:25</sys_created_on>
            <sys_domain>global</sys_domain>
            <sys_domain_path>/</sys_domain_path>
            <sys_id>52792905db833300143c9fd2ca961935</sys_id>
            <sys_mod_count>0</sys_mod_count>
            <sys_updated_by>admin</sys_updated_by>
            <sys_updated_on>2019-08-02 04:10:25</sys_updated_on>
            <value>twister</value>
        </sys_choice>
        <sys_choice action="INSERT_OR_UPDATE">
            <dependent_value/>
            <element>u_choice_12</element>
            <hint/>
            <inactive>false</inactive>
            <label>Treasure Hunt</label>
            <language>en</language>
            <name>x_386573_unicorns_registration</name>
            <sequence>6</sequence>
            <sys_created_by>admin</sys_created_by>
            <sys_created_on>2019-08-02 04:10:25</sys_created_on>
            <sys_domain>global</sys_domain>
            <sys_domain_path>/</sys_domain_path>
            <sys_id>1e792905db833300143c9fd2ca961936</sys_id>
            <sys_mod_count>0</sys_mod_count>
            <sys_updated_by>admin</sys_updated_by>
            <sys_updated_on>2019-08-02 04:10:25</sys_updated_on>
            <value>treasure hunt</value>
        </sys_choice>
        <sys_choice_set action="INSERT_OR_UPDATE">
            <element>u_choice_12</element>
            <name>x_386573_unicorns_registration</name>
            <sys_class_name>sys_choice_set</sys_class_name>
            <sys_created_by>admin</sys_created_by>
            <sys_created_on>2019-08-02 04:10:25</sys_created_on>
            <sys_id>12792905db833300143c9fd2ca96192d</sys_id>
            <sys_mod_count>0</sys_mod_count>
            <sys_name>u_choice_12</sys_name>
            <sys_package display_value="unicorns" source="x_386573_unicorns">a8a4a90ddb033300143c9fd2ca961918</sys_package>
            <sys_policy/>
            <sys_scope display_value="unicorns">a8a4a90ddb033300143c9fd2ca961918</sys_scope>
            <sys_update_name>sys_choice_x_386573_unicorns_registration_u_choice_12</sys_update_name>
            <sys_updated_by>admin</sys_updated_by>
            <sys_updated_on>2019-08-02 04:10:25</sys_updated_on>
        </sys_choice_set>
    </sys_choice>
</record_update>
