<?xml version="1.0" encoding="UTF-8"?><record_update>
    <sys_choice action="INSERT_OR_UPDATE" field="u_choice_1" table="x_386573_unicorns_event_venue" version="3">
        <sys_choice action="INSERT_OR_UPDATE">
            <dependent_value/>
            <element>u_choice_1</element>
            <hint/>
            <inactive>false</inactive>
            <label>Indoor Stadium</label>
            <language>en</language>
            <name>x_386573_unicorns_event_venue</name>
            <sequence>0</sequence>
            <sys_created_by>admin</sys_created_by>
            <sys_created_on>2019-08-02 04:25:39</sys_created_on>
            <sys_domain>global</sys_domain>
            <sys_domain_path>/</sys_domain_path>
            <sys_id>a9fce9c9db833300143c9fd2ca96190d</sys_id>
            <sys_mod_count>0</sys_mod_count>
            <sys_updated_by>admin</sys_updated_by>
            <sys_updated_on>2019-08-02 04:25:39</sys_updated_on>
            <value>indoor stadium</value>
        </sys_choice>
        <sys_choice action="INSERT_OR_UPDATE">
            <dependent_value/>
            <element>u_choice_1</element>
            <hint/>
            <inactive>false</inactive>
            <label>C101 &amp; C102</label>
            <language>en</language>
            <name>x_386573_unicorns_event_venue</name>
            <sequence>1</sequence>
            <sys_created_by>admin</sys_created_by>
            <sys_created_on>2019-08-02 04:25:39</sys_created_on>
            <sys_domain>global</sys_domain>
            <sys_domain_path>/</sys_domain_path>
            <sys_id>e9fce9c9db833300143c9fd2ca96190e</sys_id>
            <sys_mod_count>0</sys_mod_count>
            <sys_updated_by>admin</sys_updated_by>
            <sys_updated_on>2019-08-02 04:25:39</sys_updated_on>
            <value>c101 &amp; c102</value>
        </sys_choice>
        <sys_choice action="INSERT_OR_UPDATE">
            <dependent_value/>
            <element>u_choice_1</element>
            <hint/>
            <inactive>false</inactive>
            <label>E101 TO E110</label>
            <language>en</language>
            <name>x_386573_unicorns_event_venue</name>
            <sequence>2</sequence>
            <sys_created_by>admin</sys_created_by>
            <sys_created_on>2019-08-02 04:25:39</sys_created_on>
            <sys_domain>global</sys_domain>
            <sys_domain_path>/</sys_domain_path>
            <sys_id>69fce9c9db833300143c9fd2ca96190f</sys_id>
            <sys_mod_count>0</sys_mod_count>
            <sys_updated_by>admin</sys_updated_by>
            <sys_updated_on>2019-08-02 04:25:39</sys_updated_on>
            <value>e101 to e110</value>
        </sys_choice>
        <sys_choice action="INSERT_OR_UPDATE">
            <dependent_value/>
            <element>u_choice_1</element>
            <hint/>
            <inactive>false</inactive>
            <label>C225</label>
            <language>en</language>
            <name>x_386573_unicorns_event_venue</name>
            <sequence>3</sequence>
            <sys_created_by>admin</sys_created_by>
            <sys_created_on>2019-08-02 04:25:39</sys_created_on>
            <sys_domain>global</sys_domain>
            <sys_domain_path>/</sys_domain_path>
            <sys_id>e5fce9c9db833300143c9fd2ca961910</sys_id>
            <sys_mod_count>0</sys_mod_count>
            <sys_updated_by>admin</sys_updated_by>
            <sys_updated_on>2019-08-02 04:25:39</sys_updated_on>
            <value>c225</value>
        </sys_choice>
        <sys_choice action="INSERT_OR_UPDATE">
            <dependent_value/>
            <element>u_choice_1</element>
            <hint/>
            <inactive>false</inactive>
            <label>C325</label>
            <language>en</language>
            <name>x_386573_unicorns_event_venue</name>
            <sequence>4</sequence>
            <sys_created_by>admin</sys_created_by>
            <sys_created_on>2019-08-02 04:25:39</sys_created_on>
            <sys_domain>global</sys_domain>
            <sys_domain_path>/</sys_domain_path>
            <sys_id>65fce9c9db833300143c9fd2ca961911</sys_id>
            <sys_mod_count>0</sys_mod_count>
            <sys_updated_by>admin</sys_updated_by>
            <sys_updated_on>2019-08-02 04:25:39</sys_updated_on>
            <value>c325</value>
        </sys_choice>
        <sys_choice action="INSERT_OR_UPDATE">
            <dependent_value/>
            <element>u_choice_1</element>
            <hint/>
            <inactive>false</inactive>
            <label>C425</label>
            <language>en</language>
            <name>x_386573_unicorns_event_venue</name>
            <sequence>5</sequence>
            <sys_created_by>admin</sys_created_by>
            <sys_created_on>2019-08-02 04:25:39</sys_created_on>
            <sys_domain>global</sys_domain>
            <sys_domain_path>/</sys_domain_path>
            <sys_id>e1fce9c9db833300143c9fd2ca961912</sys_id>
            <sys_mod_count>0</sys_mod_count>
            <sys_updated_by>admin</sys_updated_by>
            <sys_updated_on>2019-08-02 04:25:39</sys_updated_on>
            <value>c425</value>
        </sys_choice>
        <sys_choice action="INSERT_OR_UPDATE">
            <dependent_value/>
            <element>u_choice_1</element>
            <hint/>
            <inactive>false</inactive>
            <label>C525</label>
            <language>en</language>
            <name>x_386573_unicorns_event_venue</name>
            <sequence>6</sequence>
            <sys_created_by>admin</sys_created_by>
            <sys_created_on>2019-08-02 04:25:39</sys_created_on>
            <sys_domain>global</sys_domain>
            <sys_domain_path>/</sys_domain_path>
            <sys_id>61fce9c9db833300143c9fd2ca961913</sys_id>
            <sys_mod_count>0</sys_mod_count>
            <sys_updated_by>admin</sys_updated_by>
            <sys_updated_on>2019-08-02 04:25:39</sys_updated_on>
            <value>c525</value>
        </sys_choice>
        <sys_choice action="INSERT_OR_UPDATE">
            <dependent_value/>
            <element>u_choice_1</element>
            <hint/>
            <inactive>false</inactive>
            <label>C625</label>
            <language>en</language>
            <name>x_386573_unicorns_event_venue</name>
            <sequence>7</sequence>
            <sys_created_by>admin</sys_created_by>
            <sys_created_on>2019-08-02 04:25:39</sys_created_on>
            <sys_domain>global</sys_domain>
            <sys_domain_path>/</sys_domain_path>
            <sys_id>6dfce9c9db833300143c9fd2ca96192c</sys_id>
            <sys_mod_count>0</sys_mod_count>
            <sys_updated_by>admin</sys_updated_by>
            <sys_updated_on>2019-08-02 04:25:39</sys_updated_on>
            <value>c625</value>
        </sys_choice>
        <sys_choice action="INSERT_OR_UPDATE">
            <dependent_value/>
            <element>u_choice_1</element>
            <hint/>
            <inactive>false</inactive>
            <label>R101</label>
            <language>en</language>
            <name>x_386573_unicorns_event_venue</name>
            <sequence>8</sequence>
            <sys_created_by>admin</sys_created_by>
            <sys_created_on>2019-08-02 04:25:39</sys_created_on>
            <sys_domain>global</sys_domain>
            <sys_domain_path>/</sys_domain_path>
            <sys_id>e9fce9c9db833300143c9fd2ca96192d</sys_id>
            <sys_mod_count>0</sys_mod_count>
            <sys_updated_by>admin</sys_updated_by>
            <sys_updated_on>2019-08-02 04:25:39</sys_updated_on>
            <value>r101</value>
        </sys_choice>
        <sys_choice action="INSERT_OR_UPDATE">
            <dependent_value/>
            <element>u_choice_1</element>
            <hint/>
            <inactive>false</inactive>
            <label>R102</label>
            <language>en</language>
            <name>x_386573_unicorns_event_venue</name>
            <sequence>9</sequence>
            <sys_created_by>admin</sys_created_by>
            <sys_created_on>2019-08-02 04:25:39</sys_created_on>
            <sys_domain>global</sys_domain>
            <sys_domain_path>/</sys_domain_path>
            <sys_id>69fce9c9db833300143c9fd2ca96192e</sys_id>
            <sys_mod_count>0</sys_mod_count>
            <sys_updated_by>admin</sys_updated_by>
            <sys_updated_on>2019-08-02 04:25:39</sys_updated_on>
            <value>r102</value>
        </sys_choice>
        <sys_choice action="INSERT_OR_UPDATE">
            <dependent_value/>
            <element>u_choice_1</element>
            <hint/>
            <inactive>false</inactive>
            <label>R103</label>
            <language>en</language>
            <name>x_386573_unicorns_event_venue</name>
            <sequence>10</sequence>
            <sys_created_by>admin</sys_created_by>
            <sys_created_on>2019-08-02 04:25:39</sys_created_on>
            <sys_domain>global</sys_domain>
            <sys_domain_path>/</sys_domain_path>
            <sys_id>e5fce9c9db833300143c9fd2ca96192f</sys_id>
            <sys_mod_count>0</sys_mod_count>
            <sys_updated_by>admin</sys_updated_by>
            <sys_updated_on>2019-08-02 04:25:39</sys_updated_on>
            <value>r103</value>
        </sys_choice>
        <sys_choice action="INSERT_OR_UPDATE">
            <dependent_value/>
            <element>u_choice_1</element>
            <hint/>
            <inactive>false</inactive>
            <label>R104</label>
            <language>en</language>
            <name>x_386573_unicorns_event_venue</name>
            <sequence>11</sequence>
            <sys_created_by>admin</sys_created_by>
            <sys_created_on>2019-08-02 04:25:39</sys_created_on>
            <sys_domain>global</sys_domain>
            <sys_domain_path>/</sys_domain_path>
            <sys_id>65fce9c9db833300143c9fd2ca961930</sys_id>
            <sys_mod_count>0</sys_mod_count>
            <sys_updated_by>admin</sys_updated_by>
            <sys_updated_on>2019-08-02 04:25:39</sys_updated_on>
            <value>r104</value>
        </sys_choice>
        <sys_choice action="INSERT_OR_UPDATE">
            <dependent_value/>
            <element>u_choice_1</element>
            <hint/>
            <inactive>false</inactive>
            <label>R105</label>
            <language>en</language>
            <name>x_386573_unicorns_event_venue</name>
            <sequence>12</sequence>
            <sys_created_by>admin</sys_created_by>
            <sys_created_on>2019-08-02 04:25:39</sys_created_on>
            <sys_domain>global</sys_domain>
            <sys_domain_path>/</sys_domain_path>
            <sys_id>e1fce9c9db833300143c9fd2ca961931</sys_id>
            <sys_mod_count>0</sys_mod_count>
            <sys_updated_by>admin</sys_updated_by>
            <sys_updated_on>2019-08-02 04:25:39</sys_updated_on>
            <value>r105</value>
        </sys_choice>
        <sys_choice action="INSERT_OR_UPDATE">
            <dependent_value/>
            <element>u_choice_1</element>
            <hint/>
            <inactive>false</inactive>
            <label>R201</label>
            <language>en</language>
            <name>x_386573_unicorns_event_venue</name>
            <sequence>13</sequence>
            <sys_created_by>admin</sys_created_by>
            <sys_created_on>2019-08-02 04:25:39</sys_created_on>
            <sys_domain>global</sys_domain>
            <sys_domain_path>/</sys_domain_path>
            <sys_id>61fce9c9db833300143c9fd2ca961932</sys_id>
            <sys_mod_count>0</sys_mod_count>
            <sys_updated_by>admin</sys_updated_by>
            <sys_updated_on>2019-08-02 04:25:39</sys_updated_on>
            <value>r201</value>
        </sys_choice>
        <sys_choice action="INSERT_OR_UPDATE">
            <dependent_value/>
            <element>u_choice_1</element>
            <hint/>
            <inactive>false</inactive>
            <label>R202</label>
            <language>en</language>
            <name>x_386573_unicorns_event_venue</name>
            <sequence>14</sequence>
            <sys_created_by>admin</sys_created_by>
            <sys_created_on>2019-08-02 04:25:39</sys_created_on>
            <sys_domain>global</sys_domain>
            <sys_domain_path>/</sys_domain_path>
            <sys_id>edfce9c9db833300143c9fd2ca961932</sys_id>
            <sys_mod_count>0</sys_mod_count>
            <sys_updated_by>admin</sys_updated_by>
            <sys_updated_on>2019-08-02 04:25:39</sys_updated_on>
            <value>r202</value>
        </sys_choice>
        <sys_choice action="INSERT_OR_UPDATE">
            <dependent_value/>
            <element>u_choice_1</element>
            <hint/>
            <inactive>false</inactive>
            <label>C408</label>
            <language>en</language>
            <name>x_386573_unicorns_event_venue</name>
            <sequence>15</sequence>
            <sys_created_by>admin</sys_created_by>
            <sys_created_on>2019-08-02 04:25:39</sys_created_on>
            <sys_domain>global</sys_domain>
            <sys_domain_path>/</sys_domain_path>
            <sys_id>6dfce9c9db833300143c9fd2ca961933</sys_id>
            <sys_mod_count>0</sys_mod_count>
            <sys_updated_by>admin</sys_updated_by>
            <sys_updated_on>2019-08-02 04:25:39</sys_updated_on>
            <value>c408</value>
        </sys_choice>
        <sys_choice action="INSERT_OR_UPDATE">
            <dependent_value/>
            <element>u_choice_1</element>
            <hint/>
            <inactive>false</inactive>
            <label>C409</label>
            <language>en</language>
            <name>x_386573_unicorns_event_venue</name>
            <sequence>16</sequence>
            <sys_created_by>admin</sys_created_by>
            <sys_created_on>2019-08-02 04:25:39</sys_created_on>
            <sys_domain>global</sys_domain>
            <sys_domain_path>/</sys_domain_path>
            <sys_id>e9fce9c9db833300143c9fd2ca961934</sys_id>
            <sys_mod_count>0</sys_mod_count>
            <sys_updated_by>admin</sys_updated_by>
            <sys_updated_on>2019-08-02 04:25:39</sys_updated_on>
            <value>c409</value>
        </sys_choice>
        <sys_choice action="INSERT_OR_UPDATE">
            <dependent_value/>
            <element>u_choice_1</element>
            <hint/>
            <inactive>false</inactive>
            <label>C410</label>
            <language>en</language>
            <name>x_386573_unicorns_event_venue</name>
            <sequence>17</sequence>
            <sys_created_by>admin</sys_created_by>
            <sys_created_on>2019-08-02 04:25:39</sys_created_on>
            <sys_domain>global</sys_domain>
            <sys_domain_path>/</sys_domain_path>
            <sys_id>69fce9c9db833300143c9fd2ca961935</sys_id>
            <sys_mod_count>0</sys_mod_count>
            <sys_updated_by>admin</sys_updated_by>
            <sys_updated_on>2019-08-02 04:25:39</sys_updated_on>
            <value>c410</value>
        </sys_choice>
        <sys_choice action="INSERT_OR_UPDATE">
            <dependent_value/>
            <element>u_choice_1</element>
            <hint/>
            <inactive>false</inactive>
            <label>C411</label>
            <language>en</language>
            <name>x_386573_unicorns_event_venue</name>
            <sequence>18</sequence>
            <sys_created_by>admin</sys_created_by>
            <sys_created_on>2019-08-02 04:25:39</sys_created_on>
            <sys_domain>global</sys_domain>
            <sys_domain_path>/</sys_domain_path>
            <sys_id>e5fce9c9db833300143c9fd2ca961936</sys_id>
            <sys_mod_count>0</sys_mod_count>
            <sys_updated_by>admin</sys_updated_by>
            <sys_updated_on>2019-08-02 04:25:39</sys_updated_on>
            <value>c411</value>
        </sys_choice>
        <sys_choice action="INSERT_OR_UPDATE">
            <dependent_value/>
            <element>u_choice_1</element>
            <hint/>
            <inactive>false</inactive>
            <label>C308</label>
            <language>en</language>
            <name>x_386573_unicorns_event_venue</name>
            <sequence>19</sequence>
            <sys_created_by>admin</sys_created_by>
            <sys_created_on>2019-08-02 04:25:39</sys_created_on>
            <sys_domain>global</sys_domain>
            <sys_domain_path>/</sys_domain_path>
            <sys_id>65fce9c9db833300143c9fd2ca961937</sys_id>
            <sys_mod_count>0</sys_mod_count>
            <sys_updated_by>admin</sys_updated_by>
            <sys_updated_on>2019-08-02 04:25:39</sys_updated_on>
            <value>c308</value>
        </sys_choice>
        <sys_choice action="INSERT_OR_UPDATE">
            <dependent_value/>
            <element>u_choice_1</element>
            <hint/>
            <inactive>false</inactive>
            <label>C309</label>
            <language>en</language>
            <name>x_386573_unicorns_event_venue</name>
            <sequence>20</sequence>
            <sys_created_by>admin</sys_created_by>
            <sys_created_on>2019-08-02 04:25:39</sys_created_on>
            <sys_domain>global</sys_domain>
            <sys_domain_path>/</sys_domain_path>
            <sys_id>e1fce9c9db833300143c9fd2ca961938</sys_id>
            <sys_mod_count>0</sys_mod_count>
            <sys_updated_by>admin</sys_updated_by>
            <sys_updated_on>2019-08-02 04:25:39</sys_updated_on>
            <value>c309</value>
        </sys_choice>
        <sys_choice action="INSERT_OR_UPDATE">
            <dependent_value/>
            <element>u_choice_1</element>
            <hint/>
            <inactive>false</inactive>
            <label>C121</label>
            <language>en</language>
            <name>x_386573_unicorns_event_venue</name>
            <sequence>21</sequence>
            <sys_created_by>admin</sys_created_by>
            <sys_created_on>2019-08-02 04:25:39</sys_created_on>
            <sys_domain>global</sys_domain>
            <sys_domain_path>/</sys_domain_path>
            <sys_id>61fce9c9db833300143c9fd2ca961939</sys_id>
            <sys_mod_count>0</sys_mod_count>
            <sys_updated_by>admin</sys_updated_by>
            <sys_updated_on>2019-08-02 04:25:39</sys_updated_on>
            <value>c121</value>
        </sys_choice>
        <sys_choice action="INSERT_OR_UPDATE">
            <dependent_value/>
            <element>u_choice_1</element>
            <hint/>
            <inactive>false</inactive>
            <label>C221</label>
            <language>en</language>
            <name>x_386573_unicorns_event_venue</name>
            <sequence>22</sequence>
            <sys_created_by>admin</sys_created_by>
            <sys_created_on>2019-08-02 04:25:39</sys_created_on>
            <sys_domain>global</sys_domain>
            <sys_domain_path>/</sys_domain_path>
            <sys_id>edfce9c9db833300143c9fd2ca961939</sys_id>
            <sys_mod_count>0</sys_mod_count>
            <sys_updated_by>admin</sys_updated_by>
            <sys_updated_on>2019-08-02 04:25:39</sys_updated_on>
            <value>c221</value>
        </sys_choice>
        <sys_choice action="INSERT_OR_UPDATE">
            <dependent_value/>
            <element>u_choice_1</element>
            <hint/>
            <inactive>false</inactive>
            <label>C421</label>
            <language>en</language>
            <name>x_386573_unicorns_event_venue</name>
            <sequence>23</sequence>
            <sys_created_by>admin</sys_created_by>
            <sys_created_on>2019-08-02 04:25:39</sys_created_on>
            <sys_domain>global</sys_domain>
            <sys_domain_path>/</sys_domain_path>
            <sys_id>6dfce9c9db833300143c9fd2ca96193a</sys_id>
            <sys_mod_count>0</sys_mod_count>
            <sys_updated_by>admin</sys_updated_by>
            <sys_updated_on>2019-08-02 04:25:39</sys_updated_on>
            <value>c421</value>
        </sys_choice>
        <sys_choice action="INSERT_OR_UPDATE">
            <dependent_value/>
            <element>u_choice_1</element>
            <hint/>
            <inactive>false</inactive>
            <label>C422</label>
            <language>en</language>
            <name>x_386573_unicorns_event_venue</name>
            <sequence>24</sequence>
            <sys_created_by>admin</sys_created_by>
            <sys_created_on>2019-08-02 04:25:39</sys_created_on>
            <sys_domain>global</sys_domain>
            <sys_domain_path>/</sys_domain_path>
            <sys_id>e9fce9c9db833300143c9fd2ca96193b</sys_id>
            <sys_mod_count>0</sys_mod_count>
            <sys_updated_by>admin</sys_updated_by>
            <sys_updated_on>2019-08-02 04:25:39</sys_updated_on>
            <value>c422</value>
        </sys_choice>
        <sys_choice action="INSERT_OR_UPDATE">
            <dependent_value/>
            <element>u_choice_1</element>
            <hint/>
            <inactive>false</inactive>
            <label>C423</label>
            <language>en</language>
            <name>x_386573_unicorns_event_venue</name>
            <sequence>25</sequence>
            <sys_created_by>admin</sys_created_by>
            <sys_created_on>2019-08-02 04:25:39</sys_created_on>
            <sys_domain>global</sys_domain>
            <sys_domain_path>/</sys_domain_path>
            <sys_id>69fce9c9db833300143c9fd2ca96193c</sys_id>
            <sys_mod_count>0</sys_mod_count>
            <sys_updated_by>admin</sys_updated_by>
            <sys_updated_on>2019-08-02 04:25:39</sys_updated_on>
            <value>c423</value>
        </sys_choice>
        <sys_choice action="INSERT_OR_UPDATE">
            <dependent_value/>
            <element>u_choice_1</element>
            <hint/>
            <inactive>false</inactive>
            <label>C321</label>
            <language>en</language>
            <name>x_386573_unicorns_event_venue</name>
            <sequence>26</sequence>
            <sys_created_by>admin</sys_created_by>
            <sys_created_on>2019-08-02 04:25:39</sys_created_on>
            <sys_domain>global</sys_domain>
            <sys_domain_path>/</sys_domain_path>
            <sys_id>e5fce9c9db833300143c9fd2ca96193d</sys_id>
            <sys_mod_count>0</sys_mod_count>
            <sys_updated_by>admin</sys_updated_by>
            <sys_updated_on>2019-08-02 04:25:39</sys_updated_on>
            <value>c321</value>
        </sys_choice>
        <sys_choice action="INSERT_OR_UPDATE">
            <dependent_value/>
            <element>u_choice_1</element>
            <hint/>
            <inactive>false</inactive>
            <label>C322</label>
            <language>en</language>
            <name>x_386573_unicorns_event_venue</name>
            <sequence>27</sequence>
            <sys_created_by>admin</sys_created_by>
            <sys_created_on>2019-08-02 04:25:39</sys_created_on>
            <sys_domain>global</sys_domain>
            <sys_domain_path>/</sys_domain_path>
            <sys_id>65fce9c9db833300143c9fd2ca96193e</sys_id>
            <sys_mod_count>0</sys_mod_count>
            <sys_updated_by>admin</sys_updated_by>
            <sys_updated_on>2019-08-02 04:25:39</sys_updated_on>
            <value>c322</value>
        </sys_choice>
        <sys_choice action="INSERT_OR_UPDATE">
            <dependent_value/>
            <element>u_choice_1</element>
            <hint/>
            <inactive>false</inactive>
            <label>Play Ground</label>
            <language>en</language>
            <name>x_386573_unicorns_event_venue</name>
            <sequence>28</sequence>
            <sys_created_by>admin</sys_created_by>
            <sys_created_on>2019-08-02 04:25:39</sys_created_on>
            <sys_domain>global</sys_domain>
            <sys_domain_path>/</sys_domain_path>
            <sys_id>e1fce9c9db833300143c9fd2ca96193f</sys_id>
            <sys_mod_count>0</sys_mod_count>
            <sys_updated_by>admin</sys_updated_by>
            <sys_updated_on>2019-08-02 04:25:39</sys_updated_on>
            <value>play ground</value>
        </sys_choice>
        <sys_choice action="INSERT_OR_UPDATE">
            <dependent_value/>
            <element>u_choice_1</element>
            <hint/>
            <inactive>false</inactive>
            <label>OAT</label>
            <language>en</language>
            <name>x_386573_unicorns_event_venue</name>
            <sequence>29</sequence>
            <sys_created_by>admin</sys_created_by>
            <sys_created_on>2019-08-02 04:25:39</sys_created_on>
            <sys_domain>global</sys_domain>
            <sys_domain_path>/</sys_domain_path>
            <sys_id>61fce9c9db833300143c9fd2ca961940</sys_id>
            <sys_mod_count>0</sys_mod_count>
            <sys_updated_by>admin</sys_updated_by>
            <sys_updated_on>2019-08-02 04:25:39</sys_updated_on>
            <value>oat</value>
        </sys_choice>
        <sys_choice action="INSERT_OR_UPDATE">
            <dependent_value/>
            <element>u_choice_1</element>
            <hint/>
            <inactive>false</inactive>
            <label>C208</label>
            <language>en</language>
            <name>x_386573_unicorns_event_venue</name>
            <sequence>30</sequence>
            <sys_created_by>admin</sys_created_by>
            <sys_created_on>2019-08-02 04:25:39</sys_created_on>
            <sys_domain>global</sys_domain>
            <sys_domain_path>/</sys_domain_path>
            <sys_id>edfce9c9db833300143c9fd2ca961940</sys_id>
            <sys_mod_count>0</sys_mod_count>
            <sys_updated_by>admin</sys_updated_by>
            <sys_updated_on>2019-08-02 04:25:39</sys_updated_on>
            <value>c208</value>
        </sys_choice>
        <sys_choice action="INSERT_OR_UPDATE">
            <dependent_value/>
            <element>u_choice_1</element>
            <hint/>
            <inactive>false</inactive>
            <label>C101</label>
            <language>en</language>
            <name>x_386573_unicorns_event_venue</name>
            <sequence>31</sequence>
            <sys_created_by>admin</sys_created_by>
            <sys_created_on>2019-08-02 04:25:39</sys_created_on>
            <sys_domain>global</sys_domain>
            <sys_domain_path>/</sys_domain_path>
            <sys_id>6dfce9c9db833300143c9fd2ca961941</sys_id>
            <sys_mod_count>0</sys_mod_count>
            <sys_updated_by>admin</sys_updated_by>
            <sys_updated_on>2019-08-02 04:25:39</sys_updated_on>
            <value>c101</value>
        </sys_choice>
        <sys_choice action="INSERT_OR_UPDATE">
            <dependent_value/>
            <element>u_choice_1</element>
            <hint/>
            <inactive>false</inactive>
            <label>C504</label>
            <language>en</language>
            <name>x_386573_unicorns_event_venue</name>
            <sequence>32</sequence>
            <sys_created_by>admin</sys_created_by>
            <sys_created_on>2019-08-02 04:25:39</sys_created_on>
            <sys_domain>global</sys_domain>
            <sys_domain_path>/</sys_domain_path>
            <sys_id>e9fce9c9db833300143c9fd2ca961942</sys_id>
            <sys_mod_count>0</sys_mod_count>
            <sys_updated_by>admin</sys_updated_by>
            <sys_updated_on>2019-08-02 04:25:39</sys_updated_on>
            <value>c504</value>
        </sys_choice>
        <sys_choice action="INSERT_OR_UPDATE">
            <dependent_value/>
            <element>u_choice_1</element>
            <hint/>
            <inactive>false</inactive>
            <label>C405</label>
            <language>en</language>
            <name>x_386573_unicorns_event_venue</name>
            <sequence>33</sequence>
            <sys_created_by>admin</sys_created_by>
            <sys_created_on>2019-08-02 04:25:39</sys_created_on>
            <sys_domain>global</sys_domain>
            <sys_domain_path>/</sys_domain_path>
            <sys_id>69fce9c9db833300143c9fd2ca961943</sys_id>
            <sys_mod_count>0</sys_mod_count>
            <sys_updated_by>admin</sys_updated_by>
            <sys_updated_on>2019-08-02 04:25:39</sys_updated_on>
            <value>c405</value>
        </sys_choice>
        <sys_choice action="INSERT_OR_UPDATE">
            <dependent_value/>
            <element>u_choice_1</element>
            <hint/>
            <inactive>false</inactive>
            <label>R303</label>
            <language>en</language>
            <name>x_386573_unicorns_event_venue</name>
            <sequence>34</sequence>
            <sys_created_by>admin</sys_created_by>
            <sys_created_on>2019-08-02 04:25:39</sys_created_on>
            <sys_domain>global</sys_domain>
            <sys_domain_path>/</sys_domain_path>
            <sys_id>e5fce9c9db833300143c9fd2ca961944</sys_id>
            <sys_mod_count>0</sys_mod_count>
            <sys_updated_by>admin</sys_updated_by>
            <sys_updated_on>2019-08-02 04:25:39</sys_updated_on>
            <value>r303</value>
        </sys_choice>
        <sys_choice action="INSERT_OR_UPDATE">
            <dependent_value/>
            <element>u_choice_1</element>
            <hint/>
            <inactive>false</inactive>
            <label>R304</label>
            <language>en</language>
            <name>x_386573_unicorns_event_venue</name>
            <sequence>35</sequence>
            <sys_created_by>admin</sys_created_by>
            <sys_created_on>2019-08-02 04:25:39</sys_created_on>
            <sys_domain>global</sys_domain>
            <sys_domain_path>/</sys_domain_path>
            <sys_id>65fce9c9db833300143c9fd2ca961945</sys_id>
            <sys_mod_count>0</sys_mod_count>
            <sys_updated_by>admin</sys_updated_by>
            <sys_updated_on>2019-08-02 04:25:39</sys_updated_on>
            <value>r304</value>
        </sys_choice>
        <sys_choice_set action="INSERT_OR_UPDATE">
            <element>u_choice_1</element>
            <name>x_386573_unicorns_event_venue</name>
            <sys_class_name>sys_choice_set</sys_class_name>
            <sys_created_by>admin</sys_created_by>
            <sys_created_on>2019-08-02 04:25:39</sys_created_on>
            <sys_id>e1fce9c9db833300143c9fd2ca96190e</sys_id>
            <sys_mod_count>0</sys_mod_count>
            <sys_name>u_choice_1</sys_name>
            <sys_package display_value="unicorns" source="x_386573_unicorns">a8a4a90ddb033300143c9fd2ca961918</sys_package>
            <sys_policy/>
            <sys_scope display_value="unicorns">a8a4a90ddb033300143c9fd2ca961918</sys_scope>
            <sys_update_name>sys_choice_x_386573_unicorns_event_venue_u_choice_1</sys_update_name>
            <sys_updated_by>admin</sys_updated_by>
            <sys_updated_on>2019-08-02 04:25:39</sys_updated_on>
        </sys_choice_set>
    </sys_choice>
</record_update>
