<?xml version="1.0" encoding="UTF-8"?><record_update sys_domain="global" table="sys_app_module">
    <sys_app_module action="INSERT_OR_UPDATE">
        <active>true</active>
        <application display_value="KLU_Registration">a3a96d05db833300143c9fd2ca9619ef</application>
        <assessment/>
        <content_page/>
        <device_type/>
        <filter/>
        <hint/>
        <homepage/>
        <image/>
        <link_type>LIST</link_type>
        <map_page/>
        <mobile_title>KLU_Registrations</mobile_title>
        <mobile_view_name>Mobile</mobile_view_name>
        <name>x_386573_unicorns_klu_registration</name>
        <order/>
        <override_menu_roles>false</override_menu_roles>
        <query/>
        <report/>
        <roles>x_386573_unicorns.klu_registration_user</roles>
        <sys_class_name>sys_app_module</sys_class_name>
        <sys_created_by>admin</sys_created_by>
        <sys_created_on>2019-08-02 04:11:20</sys_created_on>
        <sys_domain>global</sys_domain>
        <sys_domain_path>/</sys_domain_path>
        <sys_id>3ba96d05db833300143c9fd2ca9619f1</sys_id>
        <sys_mod_count>0</sys_mod_count>
        <sys_name>KLU_Registrations</sys_name>
        <sys_overrides/>
        <sys_package display_value="unicorns" source="x_386573_unicorns">a8a4a90ddb033300143c9fd2ca961918</sys_package>
        <sys_policy/>
        <sys_scope display_value="unicorns">a8a4a90ddb033300143c9fd2ca961918</sys_scope>
        <sys_update_name>sys_app_module_3ba96d05db833300143c9fd2ca9619f1</sys_update_name>
        <sys_updated_by>admin</sys_updated_by>
        <sys_updated_on>2019-08-02 04:11:20</sys_updated_on>
        <timeline_page/>
        <title>KLU_Registrations</title>
        <uncancelable>false</uncancelable>
        <view_name/>
        <window_name/>
    </sys_app_module>
</record_update>
