<?xml version="1.0" encoding="UTF-8"?><record_update>
    <sys_documentation element="current" label="Record" language="en" table="var__m_sys_hub_flow_input_09144601db473300143c9fd2ca9619a9">
        <sys_documentation action="INSERT_OR_UPDATE">
            <element>current</element>
            <help/>
            <hint/>
            <label>Record</label>
            <language>en</language>
            <name>var__m_sys_hub_flow_input_09144601db473300143c9fd2ca9619a9</name>
            <plural/>
            <sys_class_name>sys_documentation</sys_class_name>
            <sys_created_by>admin</sys_created_by>
            <sys_created_on>2019-08-02 06:06:40</sys_created_on>
            <sys_id>cd144601db473300143c9fd2ca9619bf</sys_id>
            <sys_mod_count>0</sys_mod_count>
            <sys_name>Record</sys_name>
            <sys_package display_value="unicorns" source="x_386573_unicorns">a8a4a90ddb033300143c9fd2ca961918</sys_package>
            <sys_policy/>
            <sys_scope display_value="unicorns">a8a4a90ddb033300143c9fd2ca961918</sys_scope>
            <sys_update_name>sys_documentation_var__m_sys_hub_flow_input_09144601db473300143c9fd2ca9619a9_current_en</sys_update_name>
            <sys_updated_by>admin</sys_updated_by>
            <sys_updated_on>2019-08-02 06:06:40</sys_updated_on>
            <url/>
            <url_target/>
        </sys_documentation>
    </sys_documentation>
</record_update>
