<?xml version="1.0" encoding="UTF-8"?><record_update table="sys_hub_action_instance">
    <sys_hub_action_instance action="INSERT_OR_UPDATE">
        <action_inputs/>
        <action_inputs/>
        <action_type display_value="Ask For Approval">f8f2e9920b10030085c083eb37673abd</action_type>
        <action_type_parent/>
        <comment/>
        <compiled_snapshot>f8f2e9920b10030085c083eb37673abd</compiled_snapshot>
        <display_text/>
        <flow display_value="klu_flow">54e80285db473300143c9fd2ca9619d7</flow>
        <order>1.1</order>
        <parent_ui_id>0367f069-9039-4149-a9c1-bda7e7d2f071</parent_ui_id>
        <sys_class_name>sys_hub_action_instance</sys_class_name>
        <sys_created_by>admin</sys_created_by>
        <sys_created_on>2019-08-02 06:38:30</sys_created_on>
        <sys_id>d35b8285db873300143c9fd2ca96197d</sys_id>
        <sys_mod_count>34</sys_mod_count>
        <sys_name/>
        <sys_package display_value="unicorns" source="x_386573_unicorns">a8a4a90ddb033300143c9fd2ca961918</sys_package>
        <sys_policy/>
        <sys_scope display_value="unicorns">a8a4a90ddb033300143c9fd2ca961918</sys_scope>
        <sys_update_name>sys_hub_action_instance_d35b8285db873300143c9fd2ca96197d</sys_update_name>
        <sys_updated_by>system</sys_updated_by>
        <sys_updated_on>2019-08-02 08:45:41</sys_updated_on>
        <ui_id>dd734df6-7094-4907-9b93-13018f11be57</ui_id>
    </sys_hub_action_instance>
    <sys_variable_value action="delete_multiple" query="document_key=d35b8285db873300143c9fd2ca96197d"/>
    <sys_variable_value action="INSERT_OR_UPDATE">
        <document>sys_hub_action_instance</document>
        <document_key>d35b8285db873300143c9fd2ca96197d</document_key>
        <order>5</order>
        <sys_class_name>sys_variable_value</sys_class_name>
        <sys_created_by>admin</sys_created_by>
        <sys_created_on>2019-08-02 06:38:30</sys_created_on>
        <sys_id>175b8285db873300143c9fd2ca96199e</sys_id>
        <sys_mod_count>0</sys_mod_count>
        <sys_updated_by>admin</sys_updated_by>
        <sys_updated_on>2019-08-02 06:38:30</sys_updated_on>
        <value/>
        <variable display_value="">26d2a9920b10030085c083eb37673ad9</variable>
    </sys_variable_value>
    <sys_variable_value action="INSERT_OR_UPDATE">
        <document>sys_hub_action_instance</document>
        <document_key>d35b8285db873300143c9fd2ca96197d</document_key>
        <order>2</order>
        <sys_class_name>sys_variable_value</sys_class_name>
        <sys_created_by>admin</sys_created_by>
        <sys_created_on>2019-08-02 06:40:13</sys_created_on>
        <sys_id>28cbca85db873300143c9fd2ca96194f</sys_id>
        <sys_mod_count>0</sys_mod_count>
        <sys_updated_by>admin</sys_updated_by>
        <sys_updated_on>2019-08-02 06:40:13</sys_updated_on>
        <value>approval</value>
        <variable display_value="">01f2e9920b10030085c083eb37673ad8</variable>
    </sys_variable_value>
    <sys_variable_value action="INSERT_OR_UPDATE">
        <document>sys_hub_action_instance</document>
        <document_key>d35b8285db873300143c9fd2ca96197d</document_key>
        <order>3</order>
        <sys_class_name>sys_variable_value</sys_class_name>
        <sys_created_by>admin</sys_created_by>
        <sys_created_on>2019-08-02 06:38:30</sys_created_on>
        <sys_id>535b8285db873300143c9fd2ca96199e</sys_id>
        <sys_mod_count>0</sys_mod_count>
        <sys_updated_by>admin</sys_updated_by>
        <sys_updated_on>2019-08-02 06:38:30</sys_updated_on>
        <value>approval_history</value>
        <variable display_value="">22d2a9920b10030085c083eb37673ac3</variable>
    </sys_variable_value>
    <sys_variable_value action="INSERT_OR_UPDATE">
        <document>sys_hub_action_instance</document>
        <document_key>d35b8285db873300143c9fd2ca96197d</document_key>
        <order>1</order>
        <sys_class_name>sys_variable_value</sys_class_name>
        <sys_created_by>admin</sys_created_by>
        <sys_created_on>2019-08-02 06:40:13</sys_created_on>
        <sys_id>60cbca85db873300143c9fd2ca961950</sys_id>
        <sys_mod_count>0</sys_mod_count>
        <sys_updated_by>admin</sys_updated_by>
        <sys_updated_on>2019-08-02 06:40:13</sys_updated_on>
        <value>x_386573_unicorns_klu_registration</value>
        <variable display_value="">bcf2e9920b10030085c083eb37673acc</variable>
    </sys_variable_value>
    <sys_variable_value action="INSERT_OR_UPDATE">
        <document>sys_hub_action_instance</document>
        <document_key>d35b8285db873300143c9fd2ca96197d</document_key>
        <order>2</order>
        <sys_class_name>sys_variable_value</sys_class_name>
        <sys_created_by>admin</sys_created_by>
        <sys_created_on>2019-08-02 06:38:30</sys_created_on>
        <sys_id>9f5b8285db873300143c9fd2ca96199d</sys_id>
        <sys_mod_count>0</sys_mod_count>
        <sys_updated_by>admin</sys_updated_by>
        <sys_updated_on>2019-08-02 06:38:30</sys_updated_on>
        <value>approval</value>
        <variable display_value="">1ed2a9920b10030085c083eb37673ab7</variable>
    </sys_variable_value>
    <sys_variable_value action="INSERT_OR_UPDATE">
        <document>sys_hub_action_instance</document>
        <document_key>d35b8285db873300143c9fd2ca96197d</document_key>
        <order>5</order>
        <sys_class_name>sys_variable_value</sys_class_name>
        <sys_created_by>admin</sys_created_by>
        <sys_created_on>2019-08-02 06:40:13</sys_created_on>
        <sys_id>accbca85db873300143c9fd2ca96194f</sys_id>
        <sys_mod_count>0</sys_mod_count>
        <sys_updated_by>admin</sys_updated_by>
        <sys_updated_on>2019-08-02 06:40:13</sys_updated_on>
        <value/>
        <variable display_value="">c5f2e9920b10030085c083eb37673af9</variable>
    </sys_variable_value>
    <sys_variable_value action="INSERT_OR_UPDATE">
        <document>sys_hub_action_instance</document>
        <document_key>d35b8285db873300143c9fd2ca96197d</document_key>
        <order>1</order>
        <sys_class_name>sys_variable_value</sys_class_name>
        <sys_created_by>admin</sys_created_by>
        <sys_created_on>2019-08-02 06:38:30</sys_created_on>
        <sys_id>d75b8285db873300143c9fd2ca96199e</sys_id>
        <sys_mod_count>0</sys_mod_count>
        <sys_updated_by>admin</sys_updated_by>
        <sys_updated_on>2019-08-02 06:38:30</sys_updated_on>
        <value>x_386573_unicorns_klu_registration</value>
        <variable display_value="">d2d2a9920b10030085c083eb37673aa0</variable>
    </sys_variable_value>
    <sys_variable_value action="INSERT_OR_UPDATE">
        <document>sys_hub_action_instance</document>
        <document_key>d35b8285db873300143c9fd2ca96197d</document_key>
        <order>3</order>
        <sys_class_name>sys_variable_value</sys_class_name>
        <sys_created_by>admin</sys_created_by>
        <sys_created_on>2019-08-02 06:40:13</sys_created_on>
        <sys_id>e8cbca85db873300143c9fd2ca96194f</sys_id>
        <sys_mod_count>0</sys_mod_count>
        <sys_updated_by>admin</sys_updated_by>
        <sys_updated_on>2019-08-02 06:40:13</sys_updated_on>
        <value>approval_history</value>
        <variable display_value="">c1f2e9920b10030085c083eb37673ae3</variable>
    </sys_variable_value>
    <sys_element_mapping action="delete_multiple" query="id=d35b8285db873300143c9fd2ca96197d"/>
    <sys_element_mapping action="INSERT_OR_UPDATE">
        <field>approval_conditions</field>
        <id>d35b8285db873300143c9fd2ca96197d</id>
        <sys_created_by>admin</sys_created_by>
        <sys_created_on>2019-08-02 06:38:30</sys_created_on>
        <sys_id>5b5b8285db873300143c9fd2ca96199d</sys_id>
        <sys_mod_count>0</sys_mod_count>
        <sys_updated_by>admin</sys_updated_by>
        <sys_updated_on>2019-08-02 06:38:30</sys_updated_on>
        <table>var__m_sys_hub_action_input_bae0a1120b10030085c083eb37673a92</table>
        <value>ApprovesAnyU[{{static.1cca7941db073300143c9fd2ca961962}}]</value>
    </sys_element_mapping>
    <sys_element_mapping action="INSERT_OR_UPDATE">
        <field>approval_conditions</field>
        <id>d35b8285db873300143c9fd2ca96197d</id>
        <sys_created_by>admin</sys_created_by>
        <sys_created_on>2019-08-02 06:40:13</sys_created_on>
        <sys_id>e0cbca85db873300143c9fd2ca96194f</sys_id>
        <sys_mod_count>2</sys_mod_count>
        <sys_updated_by>admin</sys_updated_by>
        <sys_updated_on>2019-08-02 07:02:45</sys_updated_on>
        <table>var__m_sys_hub_action_input_f8f2e9920b10030085c083eb37673abd</table>
        <value>ApprovesAnyU[{{static.1cca7941db073300143c9fd2ca961962}}]</value>
    </sys_element_mapping>
    <sys_element_mapping action="INSERT_OR_UPDATE">
        <field>approval_field</field>
        <id>d35b8285db873300143c9fd2ca96197d</id>
        <sys_created_by>admin</sys_created_by>
        <sys_created_on>2019-08-02 06:38:30</sys_created_on>
        <sys_id>d75b8285db873300143c9fd2ca96199c</sys_id>
        <sys_mod_count>0</sys_mod_count>
        <sys_updated_by>admin</sys_updated_by>
        <sys_updated_on>2019-08-02 06:38:30</sys_updated_on>
        <table>var__m_sys_hub_action_input_bae0a1120b10030085c083eb37673a92</table>
        <value/>
    </sys_element_mapping>
    <sys_element_mapping action="INSERT_OR_UPDATE">
        <field>approval_field</field>
        <id>d35b8285db873300143c9fd2ca96197d</id>
        <sys_created_by>admin</sys_created_by>
        <sys_created_on>2019-08-02 06:40:13</sys_created_on>
        <sys_id>e4cbca85db873300143c9fd2ca96194e</sys_id>
        <sys_mod_count>0</sys_mod_count>
        <sys_updated_by>admin</sys_updated_by>
        <sys_updated_on>2019-08-02 06:40:13</sys_updated_on>
        <table>var__m_sys_hub_action_input_f8f2e9920b10030085c083eb37673abd</table>
        <value/>
    </sys_element_mapping>
    <sys_element_mapping action="INSERT_OR_UPDATE">
        <field>due_date</field>
        <id>d35b8285db873300143c9fd2ca96197d</id>
        <sys_created_by>admin</sys_created_by>
        <sys_created_on>2019-08-02 06:40:13</sys_created_on>
        <sys_id>20cbca85db873300143c9fd2ca96194f</sys_id>
        <sys_mod_count>0</sys_mod_count>
        <sys_updated_by>admin</sys_updated_by>
        <sys_updated_on>2019-08-02 06:40:13</sys_updated_on>
        <table>var__m_sys_hub_action_input_f8f2e9920b10030085c083eb37673abd</table>
        <value>{"action":"none","date_type":"actual","date":"{{}}","duration":1,"duration_type":"days","schedule":"","schedule_label":""}</value>
    </sys_element_mapping>
    <sys_element_mapping action="INSERT_OR_UPDATE">
        <field>due_date</field>
        <id>d35b8285db873300143c9fd2ca96197d</id>
        <sys_created_by>admin</sys_created_by>
        <sys_created_on>2019-08-02 06:38:30</sys_created_on>
        <sys_id>975b8285db873300143c9fd2ca96199d</sys_id>
        <sys_mod_count>0</sys_mod_count>
        <sys_updated_by>admin</sys_updated_by>
        <sys_updated_on>2019-08-02 06:38:30</sys_updated_on>
        <table>var__m_sys_hub_action_input_bae0a1120b10030085c083eb37673a92</table>
        <value>{"action":"none","date_type":"actual","date":"{{}}","duration":1,"duration_type":"days","schedule":"","schedule_label":""}</value>
    </sys_element_mapping>
    <sys_element_mapping action="INSERT_OR_UPDATE">
        <field>journal_field</field>
        <id>d35b8285db873300143c9fd2ca96197d</id>
        <sys_created_by>admin</sys_created_by>
        <sys_created_on>2019-08-02 06:38:30</sys_created_on>
        <sys_id>135b8285db873300143c9fd2ca96199d</sys_id>
        <sys_mod_count>0</sys_mod_count>
        <sys_updated_by>admin</sys_updated_by>
        <sys_updated_on>2019-08-02 06:38:30</sys_updated_on>
        <table>var__m_sys_hub_action_input_bae0a1120b10030085c083eb37673a92</table>
        <value/>
    </sys_element_mapping>
    <sys_element_mapping action="INSERT_OR_UPDATE">
        <field>journal_field</field>
        <id>d35b8285db873300143c9fd2ca96197d</id>
        <sys_created_by>admin</sys_created_by>
        <sys_created_on>2019-08-02 06:40:13</sys_created_on>
        <sys_id>a8cbca85db873300143c9fd2ca96194e</sys_id>
        <sys_mod_count>0</sys_mod_count>
        <sys_updated_by>admin</sys_updated_by>
        <sys_updated_on>2019-08-02 06:40:13</sys_updated_on>
        <table>var__m_sys_hub_action_input_f8f2e9920b10030085c083eb37673abd</table>
        <value/>
    </sys_element_mapping>
    <sys_element_mapping action="INSERT_OR_UPDATE">
        <field>record</field>
        <id>d35b8285db873300143c9fd2ca96197d</id>
        <sys_created_by>admin</sys_created_by>
        <sys_created_on>2019-08-02 06:40:13</sys_created_on>
        <sys_id>6ccbca85db873300143c9fd2ca96194e</sys_id>
        <sys_mod_count>0</sys_mod_count>
        <sys_updated_by>admin</sys_updated_by>
        <sys_updated_on>2019-08-02 06:40:13</sys_updated_on>
        <table>var__m_sys_hub_action_input_f8f2e9920b10030085c083eb37673abd</table>
        <value>{{Created or Updated_1.current}}</value>
    </sys_element_mapping>
    <sys_element_mapping action="INSERT_OR_UPDATE">
        <field>record</field>
        <id>d35b8285db873300143c9fd2ca96197d</id>
        <sys_created_by>admin</sys_created_by>
        <sys_created_on>2019-08-02 06:38:30</sys_created_on>
        <sys_id>d35b8285db873300143c9fd2ca96199d</sys_id>
        <sys_mod_count>0</sys_mod_count>
        <sys_updated_by>admin</sys_updated_by>
        <sys_updated_on>2019-08-02 06:38:30</sys_updated_on>
        <table>var__m_sys_hub_action_input_bae0a1120b10030085c083eb37673a92</table>
        <value>{{Created or Updated_1.current}}</value>
    </sys_element_mapping>
    <sys_element_mapping action="INSERT_OR_UPDATE">
        <field>table</field>
        <id>d35b8285db873300143c9fd2ca96197d</id>
        <sys_created_by>admin</sys_created_by>
        <sys_created_on>2019-08-02 06:38:30</sys_created_on>
        <sys_id>1f5b8285db873300143c9fd2ca96199d</sys_id>
        <sys_mod_count>0</sys_mod_count>
        <sys_updated_by>admin</sys_updated_by>
        <sys_updated_on>2019-08-02 06:38:30</sys_updated_on>
        <table>var__m_sys_hub_action_input_bae0a1120b10030085c083eb37673a92</table>
        <value/>
    </sys_element_mapping>
    <sys_element_mapping action="INSERT_OR_UPDATE">
        <field>table</field>
        <id>d35b8285db873300143c9fd2ca96197d</id>
        <sys_created_by>admin</sys_created_by>
        <sys_created_on>2019-08-02 06:40:13</sys_created_on>
        <sys_id>a4cbca85db873300143c9fd2ca96194f</sys_id>
        <sys_mod_count>0</sys_mod_count>
        <sys_updated_by>admin</sys_updated_by>
        <sys_updated_on>2019-08-02 06:40:13</sys_updated_on>
        <table>var__m_sys_hub_action_input_f8f2e9920b10030085c083eb37673abd</table>
        <value/>
    </sys_element_mapping>
</record_update>
