<?xml version="1.0" encoding="UTF-8"?><record_update table="sys_hub_flow_logic">
    <sys_hub_flow_logic action="INSERT_OR_UPDATE">
        <block display_value="">e35b8285db873300143c9fd2ca9619ab</block>
        <comment/>
        <connected_to/>
        <decision_table/>
        <decision_table_inputs/>
        <display_text/>
        <flow display_value="klu_flow">38cbca85db873300143c9fd2ca9619b9</flow>
        <inputs/>
        <logic_definition display_value="If">af4e1945c3e232002841b63b12d3ae3e</logic_definition>
        <order>1.2</order>
        <outputs_assigned/>
        <outputs_to_assign/>
        <parent_ui_id>0367f069-9039-4149-a9c1-bda7e7d2f071</parent_ui_id>
        <sys_class_name>sys_hub_flow_logic</sys_class_name>
        <sys_created_by>admin</sys_created_by>
        <sys_created_on>2019-08-02 06:40:14</sys_created_on>
        <sys_id>3ccbca85db873300143c9fd2ca9619ed</sys_id>
        <sys_mod_count>9</sys_mod_count>
        <sys_name/>
        <sys_package display_value="unicorns" source="x_386573_unicorns">a8a4a90ddb033300143c9fd2ca961918</sys_package>
        <sys_policy/>
        <sys_scope display_value="unicorns">a8a4a90ddb033300143c9fd2ca961918</sys_scope>
        <sys_update_name>sys_hub_flow_logic_3ccbca85db873300143c9fd2ca9619ed</sys_update_name>
        <sys_updated_by>admin</sys_updated_by>
        <sys_updated_on>2019-08-02 08:00:56</sys_updated_on>
        <ui_id>edcd4dcf-baf5-4e9d-a4ef-698f2f81ddde</ui_id>
        <workflow_inputs/>
        <workflow_reference/>
    </sys_hub_flow_logic>
    <sys_variable_value action="delete_multiple" query="document_key=3ccbca85db873300143c9fd2ca9619ed"/>
    <sys_variable_value action="INSERT_OR_UPDATE">
        <document>sys_hub_flow_logic</document>
        <document_key>3ccbca85db873300143c9fd2ca9619ed</document_key>
        <order>10</order>
        <sys_class_name>sys_variable_value</sys_class_name>
        <sys_created_by>admin</sys_created_by>
        <sys_created_on>2019-08-02 06:40:14</sys_created_on>
        <sys_id>3ccb0e85db873300143c9fd2ca96190a</sys_id>
        <sys_mod_count>0</sys_mod_count>
        <sys_updated_by>admin</sys_updated_by>
        <sys_updated_on>2019-08-02 06:40:14</sys_updated_on>
        <value>IF APPROVED</value>
        <variable display_value="">f0af19c1c32632002841b63b12d3aea3</variable>
    </sys_variable_value>
    <sys_variable_value action="INSERT_OR_UPDATE">
        <document>sys_hub_flow_logic</document>
        <document_key>3ccbca85db873300143c9fd2ca9619ed</document_key>
        <order>20</order>
        <sys_class_name>sys_variable_value</sys_class_name>
        <sys_created_by>admin</sys_created_by>
        <sys_created_on>2019-08-02 06:40:14</sys_created_on>
        <sys_id>78cb0e85db873300143c9fd2ca96190a</sys_id>
        <sys_mod_count>0</sys_mod_count>
        <sys_updated_by>admin</sys_updated_by>
        <sys_updated_on>2019-08-02 06:40:14</sys_updated_on>
        <value>{{dd734df6-7094-4907-9b93-13018f11be57.approval_state}}=approved</value>
        <variable display_value="">9a5f5105c32632002841b63b12d3ae46</variable>
    </sys_variable_value>
</record_update>
