<?xml version="1.0" encoding="UTF-8"?><record_update>
    <sys_documentation element="u_boolean_2" label="Project Expo" language="en" table="x_386573_unicorns_registration">
        <sys_documentation action="INSERT_OR_UPDATE">
            <element>u_boolean_2</element>
            <help/>
            <hint>•	Each team can have maximum of 4 members and minimum of 2 members.&#13;
•	A Team member can participate in only one project presentation.&#13;
•	Members should have a valid student ID card of their college/university.&#13;
•	Have to bring their own Laptops  and other equipments related to their projects.(Power connections will be provided).&#13;
•	The Poster should contain a simple description about their project.</hint>
            <label>Project Expo</label>
            <language>en</language>
            <name>x_386573_unicorns_registration</name>
            <plural>Project Expos</plural>
            <sys_class_name>sys_documentation</sys_class_name>
            <sys_created_by>admin</sys_created_by>
            <sys_created_on>2019-08-02 04:10:24</sys_created_on>
            <sys_id>0279e505db833300143c9fd2ca961964</sys_id>
            <sys_mod_count>1</sys_mod_count>
            <sys_name>Project Expo</sys_name>
            <sys_package display_value="unicorns" source="x_386573_unicorns">a8a4a90ddb033300143c9fd2ca961918</sys_package>
            <sys_policy/>
            <sys_scope display_value="unicorns">a8a4a90ddb033300143c9fd2ca961918</sys_scope>
            <sys_update_name>sys_documentation_x_386573_unicorns_registration_u_boolean_2_en</sys_update_name>
            <sys_updated_by>admin</sys_updated_by>
            <sys_updated_on>2019-08-02 07:15:02</sys_updated_on>
            <url/>
            <url_target/>
        </sys_documentation>
    </sys_documentation>
</record_update>
