<?xml version="1.0" encoding="UTF-8"?><record_update table="sys_hub_flow_logic">
    <sys_hub_flow_logic action="INSERT_OR_UPDATE">
        <block display_value="">0b040601db473300143c9fd2ca961920</block>
        <comment/>
        <connected_to/>
        <decision_table/>
        <decision_table_inputs/>
        <display_text/>
        <flow display_value="certificate_flow">60524a0ddb073300143c9fd2ca96194d</flow>
        <inputs/>
        <logic_definition display_value="If">af4e1945c3e232002841b63b12d3ae3e</logic_definition>
        <order>1.2</order>
        <outputs_assigned/>
        <outputs_to_assign/>
        <parent_ui_id>588cf915-7f42-48a4-b50e-50bb8641fc79</parent_ui_id>
        <sys_class_name>sys_hub_flow_logic</sys_class_name>
        <sys_created_by>admin</sys_created_by>
        <sys_created_on>2019-08-02 06:06:31</sys_created_on>
        <sys_id>43040601db473300143c9fd2ca961922</sys_id>
        <sys_mod_count>25</sys_mod_count>
        <sys_name/>
        <sys_package display_value="unicorns" source="x_386573_unicorns">a8a4a90ddb033300143c9fd2ca961918</sys_package>
        <sys_policy/>
        <sys_scope display_value="unicorns">a8a4a90ddb033300143c9fd2ca961918</sys_scope>
        <sys_update_name>sys_hub_flow_logic_43040601db473300143c9fd2ca961922</sys_update_name>
        <sys_updated_by>admin</sys_updated_by>
        <sys_updated_on>2019-08-02 10:25:08</sys_updated_on>
        <ui_id>bb0bb2d8-8fe7-4490-a723-2d91d51295f9</ui_id>
        <workflow_inputs/>
        <workflow_reference/>
    </sys_hub_flow_logic>
    <sys_variable_value action="delete_multiple" query="document_key=43040601db473300143c9fd2ca961922"/>
    <sys_variable_value action="INSERT_OR_UPDATE">
        <document>sys_hub_flow_logic</document>
        <document_key>43040601db473300143c9fd2ca961922</document_key>
        <order>10</order>
        <sys_class_name>sys_variable_value</sys_class_name>
        <sys_created_by>admin</sys_created_by>
        <sys_created_on>2019-08-02 06:06:31</sys_created_on>
        <sys_id>87040601db473300143c9fd2ca961926</sys_id>
        <sys_mod_count>0</sys_mod_count>
        <sys_updated_by>admin</sys_updated_by>
        <sys_updated_on>2019-08-02 06:06:31</sys_updated_on>
        <value>if approved</value>
        <variable display_value="">f0af19c1c32632002841b63b12d3aea3</variable>
    </sys_variable_value>
    <sys_variable_value action="INSERT_OR_UPDATE">
        <document>sys_hub_flow_logic</document>
        <document_key>43040601db473300143c9fd2ca961922</document_key>
        <order>20</order>
        <sys_class_name>sys_variable_value</sys_class_name>
        <sys_created_by>admin</sys_created_by>
        <sys_created_on>2019-08-02 06:06:31</sys_created_on>
        <sys_id>c3040601db473300143c9fd2ca961926</sys_id>
        <sys_mod_count>0</sys_mod_count>
        <sys_updated_by>admin</sys_updated_by>
        <sys_updated_on>2019-08-02 06:06:31</sys_updated_on>
        <value>{{84d11a57-1370-43b6-9893-abd6116bae26.approval_state}}=approved</value>
        <variable display_value="">9a5f5105c32632002841b63b12d3ae46</variable>
    </sys_variable_value>
</record_update>
