<?xml version="1.0" encoding="UTF-8"?><record_update>
    <sys_documentation element="u_string_4" label="EMAIL" language="en" table="x_386573_unicorns_registration">
        <sys_documentation action="INSERT_OR_UPDATE">
            <element>u_string_4</element>
            <help/>
            <hint/>
            <label>EMAIL</label>
            <language>en</language>
            <name>x_386573_unicorns_registration</name>
            <plural>EMAILs</plural>
            <sys_class_name>sys_documentation</sys_class_name>
            <sys_created_by>admin</sys_created_by>
            <sys_created_on>2019-08-02 03:56:17</sys_created_on>
            <sys_id>0736e189db433300143c9fd2ca9619bd</sys_id>
            <sys_mod_count>0</sys_mod_count>
            <sys_name>EMAIL</sys_name>
            <sys_package display_value="unicorns" source="x_386573_unicorns">a8a4a90ddb033300143c9fd2ca961918</sys_package>
            <sys_policy/>
            <sys_scope display_value="unicorns">a8a4a90ddb033300143c9fd2ca961918</sys_scope>
            <sys_update_name>sys_documentation_x_386573_unicorns_registration_u_string_4_en</sys_update_name>
            <sys_updated_by>admin</sys_updated_by>
            <sys_updated_on>2019-08-02 03:56:17</sys_updated_on>
            <url/>
            <url_target/>
        </sys_documentation>
    </sys_documentation>
</record_update>
