<?xml version="1.0" encoding="UTF-8"?><record_update table="sys_hub_flow_logic">
    <sys_hub_flow_logic action="INSERT_OR_UPDATE">
        <block display_value="">eb5b8285db873300143c9fd2ca9619bc</block>
        <comment/>
        <connected_to>edcd4dcf-baf5-4e9d-a4ef-698f2f81ddde</connected_to>
        <decision_table/>
        <decision_table_inputs/>
        <display_text/>
        <flow display_value="klu_flow">54e80285db473300143c9fd2ca9619d7</flow>
        <inputs/>
        <logic_definition display_value="Else">1f781bf3c32232002841b63b12d3aee6</logic_definition>
        <order>1.3</order>
        <outputs_assigned/>
        <outputs_to_assign/>
        <parent_ui_id>0367f069-9039-4149-a9c1-bda7e7d2f071</parent_ui_id>
        <sys_class_name>sys_hub_flow_logic</sys_class_name>
        <sys_created_by>admin</sys_created_by>
        <sys_created_on>2019-08-02 06:38:30</sys_created_on>
        <sys_id>235b8285db873300143c9fd2ca9619be</sys_id>
        <sys_mod_count>17</sys_mod_count>
        <sys_name/>
        <sys_package display_value="unicorns" source="x_386573_unicorns">a8a4a90ddb033300143c9fd2ca961918</sys_package>
        <sys_policy/>
        <sys_scope display_value="unicorns">a8a4a90ddb033300143c9fd2ca961918</sys_scope>
        <sys_update_name>sys_hub_flow_logic_235b8285db873300143c9fd2ca9619be</sys_update_name>
        <sys_updated_by>system</sys_updated_by>
        <sys_updated_on>2019-08-02 08:45:42</sys_updated_on>
        <ui_id>d1bcfb27-8df2-4d54-90a9-fa306507eca5</ui_id>
        <workflow_inputs/>
        <workflow_reference/>
    </sys_hub_flow_logic>
    <sys_variable_value action="delete_multiple" query="document_key=235b8285db873300143c9fd2ca9619be"/>
</record_update>
