<?xml version="1.0" encoding="UTF-8"?><record_update>
    <sys_choice action="INSERT_OR_UPDATE" field="u_choice_2" table="x_386573_unicorns_event_venue" version="3">
        <sys_choice action="INSERT_OR_UPDATE">
            <dependent_value/>
            <element>u_choice_2</element>
            <hint/>
            <inactive>false</inactive>
            <label>Project Expo</label>
            <language>en</language>
            <name>x_386573_unicorns_event_venue</name>
            <sequence>0</sequence>
            <sys_created_by>admin</sys_created_by>
            <sys_created_on>2019-08-02 04:25:39</sys_created_on>
            <sys_domain>global</sys_domain>
            <sys_domain_path>/</sys_domain_path>
            <sys_id>adfce9c9db833300143c9fd2ca961951</sys_id>
            <sys_mod_count>0</sys_mod_count>
            <sys_updated_by>admin</sys_updated_by>
            <sys_updated_on>2019-08-02 04:25:39</sys_updated_on>
            <value>project expo</value>
        </sys_choice>
        <sys_choice action="INSERT_OR_UPDATE">
            <dependent_value/>
            <element>u_choice_2</element>
            <hint/>
            <inactive>false</inactive>
            <label>Paper and Poster Presentation</label>
            <language>en</language>
            <name>x_386573_unicorns_event_venue</name>
            <sequence>1</sequence>
            <sys_created_by>admin</sys_created_by>
            <sys_created_on>2019-08-02 04:25:39</sys_created_on>
            <sys_domain>global</sys_domain>
            <sys_domain_path>/</sys_domain_path>
            <sys_id>edfce9c9db833300143c9fd2ca961952</sys_id>
            <sys_mod_count>0</sys_mod_count>
            <sys_updated_by>admin</sys_updated_by>
            <sys_updated_on>2019-08-02 04:25:39</sys_updated_on>
            <value>paper and poster presentation</value>
        </sys_choice>
        <sys_choice action="INSERT_OR_UPDATE">
            <dependent_value/>
            <element>u_choice_2</element>
            <hint/>
            <inactive>false</inactive>
            <label>Literary Events Workshop</label>
            <language>en</language>
            <name>x_386573_unicorns_event_venue</name>
            <sequence>2</sequence>
            <sys_created_by>admin</sys_created_by>
            <sys_created_on>2019-08-02 04:25:39</sys_created_on>
            <sys_domain>global</sys_domain>
            <sys_domain_path>/</sys_domain_path>
            <sys_id>6dfce9c9db833300143c9fd2ca961953</sys_id>
            <sys_mod_count>0</sys_mod_count>
            <sys_updated_by>admin</sys_updated_by>
            <sys_updated_on>2019-08-02 04:25:39</sys_updated_on>
            <value>literary events workshop</value>
        </sys_choice>
        <sys_choice action="INSERT_OR_UPDATE">
            <dependent_value/>
            <element>u_choice_2</element>
            <hint/>
            <inactive>false</inactive>
            <label>IOT Workshop</label>
            <language>en</language>
            <name>x_386573_unicorns_event_venue</name>
            <sequence>3</sequence>
            <sys_created_by>admin</sys_created_by>
            <sys_created_on>2019-08-02 04:25:39</sys_created_on>
            <sys_domain>global</sys_domain>
            <sys_domain_path>/</sys_domain_path>
            <sys_id>e9fce9c9db833300143c9fd2ca961954</sys_id>
            <sys_mod_count>0</sys_mod_count>
            <sys_updated_by>admin</sys_updated_by>
            <sys_updated_on>2019-08-02 04:25:39</sys_updated_on>
            <value>iot workshop</value>
        </sys_choice>
        <sys_choice action="INSERT_OR_UPDATE">
            <dependent_value/>
            <element>u_choice_2</element>
            <hint/>
            <inactive>false</inactive>
            <label>Entrepreneurship Workshop</label>
            <language>en</language>
            <name>x_386573_unicorns_event_venue</name>
            <sequence>4</sequence>
            <sys_created_by>admin</sys_created_by>
            <sys_created_on>2019-08-02 04:25:39</sys_created_on>
            <sys_domain>global</sys_domain>
            <sys_domain_path>/</sys_domain_path>
            <sys_id>69fce9c9db833300143c9fd2ca961955</sys_id>
            <sys_mod_count>0</sys_mod_count>
            <sys_updated_by>admin</sys_updated_by>
            <sys_updated_on>2019-08-02 04:25:39</sys_updated_on>
            <value>entrepreneurship workshop</value>
        </sys_choice>
        <sys_choice action="INSERT_OR_UPDATE">
            <dependent_value/>
            <element>u_choice_2</element>
            <hint/>
            <inactive>false</inactive>
            <label>Digital Marketing Workshop</label>
            <language>en</language>
            <name>x_386573_unicorns_event_venue</name>
            <sequence>5</sequence>
            <sys_created_by>admin</sys_created_by>
            <sys_created_on>2019-08-02 04:25:39</sys_created_on>
            <sys_domain>global</sys_domain>
            <sys_domain_path>/</sys_domain_path>
            <sys_id>e5fce9c9db833300143c9fd2ca961956</sys_id>
            <sys_mod_count>0</sys_mod_count>
            <sys_updated_by>admin</sys_updated_by>
            <sys_updated_on>2019-08-02 04:25:39</sys_updated_on>
            <value>digital marketing workshop</value>
        </sys_choice>
        <sys_choice action="INSERT_OR_UPDATE">
            <dependent_value/>
            <element>u_choice_2</element>
            <hint/>
            <inactive>false</inactive>
            <label>AI Workshop</label>
            <language>en</language>
            <name>x_386573_unicorns_event_venue</name>
            <sequence>6</sequence>
            <sys_created_by>admin</sys_created_by>
            <sys_created_on>2019-08-02 04:25:39</sys_created_on>
            <sys_domain>global</sys_domain>
            <sys_domain_path>/</sys_domain_path>
            <sys_id>65fce9c9db833300143c9fd2ca961957</sys_id>
            <sys_mod_count>0</sys_mod_count>
            <sys_updated_by>admin</sys_updated_by>
            <sys_updated_on>2019-08-02 04:25:39</sys_updated_on>
            <value>ai workshop</value>
        </sys_choice>
        <sys_choice action="INSERT_OR_UPDATE">
            <dependent_value/>
            <element>u_choice_2</element>
            <hint/>
            <inactive>false</inactive>
            <label>Social Media Analysis Workshop</label>
            <language>en</language>
            <name>x_386573_unicorns_event_venue</name>
            <sequence>7</sequence>
            <sys_created_by>admin</sys_created_by>
            <sys_created_on>2019-08-02 04:25:39</sys_created_on>
            <sys_domain>global</sys_domain>
            <sys_domain_path>/</sys_domain_path>
            <sys_id>e1fce9c9db833300143c9fd2ca961958</sys_id>
            <sys_mod_count>0</sys_mod_count>
            <sys_updated_by>admin</sys_updated_by>
            <sys_updated_on>2019-08-02 04:25:39</sys_updated_on>
            <value>social media analysis workshop</value>
        </sys_choice>
        <sys_choice action="INSERT_OR_UPDATE">
            <dependent_value/>
            <element>u_choice_2</element>
            <hint/>
            <inactive>false</inactive>
            <label>Industry 4.0 Tech Workshop</label>
            <language>en</language>
            <name>x_386573_unicorns_event_venue</name>
            <sequence>8</sequence>
            <sys_created_by>admin</sys_created_by>
            <sys_created_on>2019-08-02 04:25:39</sys_created_on>
            <sys_domain>global</sys_domain>
            <sys_domain_path>/</sys_domain_path>
            <sys_id>61fce9c9db833300143c9fd2ca961959</sys_id>
            <sys_mod_count>0</sys_mod_count>
            <sys_updated_by>admin</sys_updated_by>
            <sys_updated_on>2019-08-02 04:25:39</sys_updated_on>
            <value>industry 4.0 tech workshop</value>
        </sys_choice>
        <sys_choice action="INSERT_OR_UPDATE">
            <dependent_value/>
            <element>u_choice_2</element>
            <hint/>
            <inactive>false</inactive>
            <label>Augmented Reality Tech Workshop</label>
            <language>en</language>
            <name>x_386573_unicorns_event_venue</name>
            <sequence>9</sequence>
            <sys_created_by>admin</sys_created_by>
            <sys_created_on>2019-08-02 04:25:40</sys_created_on>
            <sys_domain>global</sys_domain>
            <sys_domain_path>/</sys_domain_path>
            <sys_id>edfce9c9db833300143c9fd2ca961959</sys_id>
            <sys_mod_count>0</sys_mod_count>
            <sys_updated_by>admin</sys_updated_by>
            <sys_updated_on>2019-08-02 04:25:40</sys_updated_on>
            <value>augmented reality tech workshop</value>
        </sys_choice>
        <sys_choice action="INSERT_OR_UPDATE">
            <dependent_value/>
            <element>u_choice_2</element>
            <hint/>
            <inactive>false</inactive>
            <label>Blockchain Tech Worksop</label>
            <language>en</language>
            <name>x_386573_unicorns_event_venue</name>
            <sequence>10</sequence>
            <sys_created_by>admin</sys_created_by>
            <sys_created_on>2019-08-02 04:25:40</sys_created_on>
            <sys_domain>global</sys_domain>
            <sys_domain_path>/</sys_domain_path>
            <sys_id>6dfce9c9db833300143c9fd2ca96195a</sys_id>
            <sys_mod_count>0</sys_mod_count>
            <sys_updated_by>admin</sys_updated_by>
            <sys_updated_on>2019-08-02 04:25:40</sys_updated_on>
            <value>blockchain tech worksop</value>
        </sys_choice>
        <sys_choice action="INSERT_OR_UPDATE">
            <dependent_value/>
            <element>u_choice_2</element>
            <hint/>
            <inactive>false</inactive>
            <label>Sixth Sense Robotics Tech Workshop</label>
            <language>en</language>
            <name>x_386573_unicorns_event_venue</name>
            <sequence>11</sequence>
            <sys_created_by>admin</sys_created_by>
            <sys_created_on>2019-08-02 04:25:40</sys_created_on>
            <sys_domain>global</sys_domain>
            <sys_domain_path>/</sys_domain_path>
            <sys_id>e9fce9c9db833300143c9fd2ca96195b</sys_id>
            <sys_mod_count>0</sys_mod_count>
            <sys_updated_by>admin</sys_updated_by>
            <sys_updated_on>2019-08-02 04:25:40</sys_updated_on>
            <value>sixth sense robotics tech workshop</value>
        </sys_choice>
        <sys_choice action="INSERT_OR_UPDATE">
            <dependent_value/>
            <element>u_choice_2</element>
            <hint/>
            <inactive>false</inactive>
            <label>Foundation Analysis Tech Workshop</label>
            <language>en</language>
            <name>x_386573_unicorns_event_venue</name>
            <sequence>12</sequence>
            <sys_created_by>admin</sys_created_by>
            <sys_created_on>2019-08-02 04:25:40</sys_created_on>
            <sys_domain>global</sys_domain>
            <sys_domain_path>/</sys_domain_path>
            <sys_id>69fce9c9db833300143c9fd2ca96195c</sys_id>
            <sys_mod_count>0</sys_mod_count>
            <sys_updated_by>admin</sys_updated_by>
            <sys_updated_on>2019-08-02 04:25:40</sys_updated_on>
            <value>foundation analysis tech workshop</value>
        </sys_choice>
        <sys_choice action="INSERT_OR_UPDATE">
            <dependent_value/>
            <element>u_choice_2</element>
            <hint/>
            <inactive>false</inactive>
            <label>Automatic Electronics Tech Workshop</label>
            <language>en</language>
            <name>x_386573_unicorns_event_venue</name>
            <sequence>13</sequence>
            <sys_created_by>admin</sys_created_by>
            <sys_created_on>2019-08-02 04:25:40</sys_created_on>
            <sys_domain>global</sys_domain>
            <sys_domain_path>/</sys_domain_path>
            <sys_id>e5fce9c9db833300143c9fd2ca96195d</sys_id>
            <sys_mod_count>0</sys_mod_count>
            <sys_updated_by>admin</sys_updated_by>
            <sys_updated_on>2019-08-02 04:25:40</sys_updated_on>
            <value>automatic electronics tech workshop</value>
        </sys_choice>
        <sys_choice action="INSERT_OR_UPDATE">
            <dependent_value/>
            <element>u_choice_2</element>
            <hint/>
            <inactive>false</inactive>
            <label>Amazon Webservices Tech Workshop</label>
            <language>en</language>
            <name>x_386573_unicorns_event_venue</name>
            <sequence>14</sequence>
            <sys_created_by>admin</sys_created_by>
            <sys_created_on>2019-08-02 04:25:40</sys_created_on>
            <sys_domain>global</sys_domain>
            <sys_domain_path>/</sys_domain_path>
            <sys_id>2dfce9c9db833300143c9fd2ca96196a</sys_id>
            <sys_mod_count>0</sys_mod_count>
            <sys_updated_by>admin</sys_updated_by>
            <sys_updated_on>2019-08-02 04:25:40</sys_updated_on>
            <value>amazon webservices tech workshop</value>
        </sys_choice>
        <sys_choice action="INSERT_OR_UPDATE">
            <dependent_value/>
            <element>u_choice_2</element>
            <hint/>
            <inactive>false</inactive>
            <label>Pubg Gaming</label>
            <language>en</language>
            <name>x_386573_unicorns_event_venue</name>
            <sequence>15</sequence>
            <sys_created_by>admin</sys_created_by>
            <sys_created_on>2019-08-02 04:25:40</sys_created_on>
            <sys_domain>global</sys_domain>
            <sys_domain_path>/</sys_domain_path>
            <sys_id>a9fce9c9db833300143c9fd2ca96196b</sys_id>
            <sys_mod_count>0</sys_mod_count>
            <sys_updated_by>admin</sys_updated_by>
            <sys_updated_on>2019-08-02 04:25:40</sys_updated_on>
            <value>pubg gaming</value>
        </sys_choice>
        <sys_choice action="INSERT_OR_UPDATE">
            <dependent_value/>
            <element>u_choice_2</element>
            <hint/>
            <inactive>false</inactive>
            <label>Blur Gaming</label>
            <language>en</language>
            <name>x_386573_unicorns_event_venue</name>
            <sequence>16</sequence>
            <sys_created_by>admin</sys_created_by>
            <sys_created_on>2019-08-02 04:25:40</sys_created_on>
            <sys_domain>global</sys_domain>
            <sys_domain_path>/</sys_domain_path>
            <sys_id>29fce9c9db833300143c9fd2ca96196c</sys_id>
            <sys_mod_count>0</sys_mod_count>
            <sys_updated_by>admin</sys_updated_by>
            <sys_updated_on>2019-08-02 04:25:40</sys_updated_on>
            <value>blur gaming</value>
        </sys_choice>
        <sys_choice action="INSERT_OR_UPDATE">
            <dependent_value/>
            <element>u_choice_2</element>
            <hint/>
            <inactive>false</inactive>
            <label>Jenga Gaming</label>
            <language>en</language>
            <name>x_386573_unicorns_event_venue</name>
            <sequence>17</sequence>
            <sys_created_by>admin</sys_created_by>
            <sys_created_on>2019-08-02 04:25:40</sys_created_on>
            <sys_domain>global</sys_domain>
            <sys_domain_path>/</sys_domain_path>
            <sys_id>a5fce9c9db833300143c9fd2ca96196d</sys_id>
            <sys_mod_count>0</sys_mod_count>
            <sys_updated_by>admin</sys_updated_by>
            <sys_updated_on>2019-08-02 04:25:40</sys_updated_on>
            <value>jenga gaming</value>
        </sys_choice>
        <sys_choice action="INSERT_OR_UPDATE">
            <dependent_value/>
            <element>u_choice_2</element>
            <hint/>
            <inactive>false</inactive>
            <label>Hot Wheels Gaming</label>
            <language>en</language>
            <name>x_386573_unicorns_event_venue</name>
            <sequence>18</sequence>
            <sys_created_by>admin</sys_created_by>
            <sys_created_on>2019-08-02 04:25:40</sys_created_on>
            <sys_domain>global</sys_domain>
            <sys_domain_path>/</sys_domain_path>
            <sys_id>25fce9c9db833300143c9fd2ca96196e</sys_id>
            <sys_mod_count>0</sys_mod_count>
            <sys_updated_by>admin</sys_updated_by>
            <sys_updated_on>2019-08-02 04:25:40</sys_updated_on>
            <value>hot wheels gaming</value>
        </sys_choice>
        <sys_choice action="INSERT_OR_UPDATE">
            <dependent_value/>
            <element>u_choice_2</element>
            <hint/>
            <inactive>false</inactive>
            <label>Steady Hands Gaming</label>
            <language>en</language>
            <name>x_386573_unicorns_event_venue</name>
            <sequence>19</sequence>
            <sys_created_by>admin</sys_created_by>
            <sys_created_on>2019-08-02 04:25:40</sys_created_on>
            <sys_domain>global</sys_domain>
            <sys_domain_path>/</sys_domain_path>
            <sys_id>a1fce9c9db833300143c9fd2ca96196f</sys_id>
            <sys_mod_count>0</sys_mod_count>
            <sys_updated_by>admin</sys_updated_by>
            <sys_updated_on>2019-08-02 04:25:40</sys_updated_on>
            <value>steady hands gaming</value>
        </sys_choice>
        <sys_choice action="INSERT_OR_UPDATE">
            <dependent_value/>
            <element>u_choice_2</element>
            <hint/>
            <inactive>false</inactive>
            <label>Angry Birds Gaming</label>
            <language>en</language>
            <name>x_386573_unicorns_event_venue</name>
            <sequence>20</sequence>
            <sys_created_by>admin</sys_created_by>
            <sys_created_on>2019-08-02 04:25:40</sys_created_on>
            <sys_domain>global</sys_domain>
            <sys_domain_path>/</sys_domain_path>
            <sys_id>21fce9c9db833300143c9fd2ca961970</sys_id>
            <sys_mod_count>0</sys_mod_count>
            <sys_updated_by>admin</sys_updated_by>
            <sys_updated_on>2019-08-02 04:25:40</sys_updated_on>
            <value>angry birds gaming</value>
        </sys_choice>
        <sys_choice action="INSERT_OR_UPDATE">
            <dependent_value/>
            <element>u_choice_2</element>
            <hint/>
            <inactive>false</inactive>
            <label>Blind Fold Special Event</label>
            <language>en</language>
            <name>x_386573_unicorns_event_venue</name>
            <sequence>21</sequence>
            <sys_created_by>admin</sys_created_by>
            <sys_created_on>2019-08-02 04:25:40</sys_created_on>
            <sys_domain>global</sys_domain>
            <sys_domain_path>/</sys_domain_path>
            <sys_id>adfce9c9db833300143c9fd2ca961970</sys_id>
            <sys_mod_count>0</sys_mod_count>
            <sys_updated_by>admin</sys_updated_by>
            <sys_updated_on>2019-08-02 04:25:40</sys_updated_on>
            <value>blind fold special event</value>
        </sys_choice>
        <sys_choice action="INSERT_OR_UPDATE">
            <dependent_value/>
            <element>u_choice_2</element>
            <hint/>
            <inactive>false</inactive>
            <label>Mock CID Special Event</label>
            <language>en</language>
            <name>x_386573_unicorns_event_venue</name>
            <sequence>22</sequence>
            <sys_created_by>admin</sys_created_by>
            <sys_created_on>2019-08-02 04:25:40</sys_created_on>
            <sys_domain>global</sys_domain>
            <sys_domain_path>/</sys_domain_path>
            <sys_id>2dfce9c9db833300143c9fd2ca961971</sys_id>
            <sys_mod_count>0</sys_mod_count>
            <sys_updated_by>admin</sys_updated_by>
            <sys_updated_on>2019-08-02 04:25:40</sys_updated_on>
            <value>mock cid special event</value>
        </sys_choice>
        <sys_choice action="INSERT_OR_UPDATE">
            <dependent_value/>
            <element>u_choice_2</element>
            <hint/>
            <inactive>false</inactive>
            <label>Minute to Win It Special Event</label>
            <language>en</language>
            <name>x_386573_unicorns_event_venue</name>
            <sequence>23</sequence>
            <sys_created_by>admin</sys_created_by>
            <sys_created_on>2019-08-02 04:25:40</sys_created_on>
            <sys_domain>global</sys_domain>
            <sys_domain_path>/</sys_domain_path>
            <sys_id>a9fce9c9db833300143c9fd2ca961972</sys_id>
            <sys_mod_count>0</sys_mod_count>
            <sys_updated_by>admin</sys_updated_by>
            <sys_updated_on>2019-08-02 04:25:40</sys_updated_on>
            <value>minute to win it special event</value>
        </sys_choice>
        <sys_choice action="INSERT_OR_UPDATE">
            <dependent_value/>
            <element>u_choice_2</element>
            <hint/>
            <inactive>false</inactive>
            <label>Mega Bubble Challenge Special Event</label>
            <language>en</language>
            <name>x_386573_unicorns_event_venue</name>
            <sequence>24</sequence>
            <sys_created_by>admin</sys_created_by>
            <sys_created_on>2019-08-02 04:25:40</sys_created_on>
            <sys_domain>global</sys_domain>
            <sys_domain_path>/</sys_domain_path>
            <sys_id>29fce9c9db833300143c9fd2ca961973</sys_id>
            <sys_mod_count>0</sys_mod_count>
            <sys_updated_by>admin</sys_updated_by>
            <sys_updated_on>2019-08-02 04:25:40</sys_updated_on>
            <value>mega bubble challenge special event</value>
        </sys_choice>
        <sys_choice action="INSERT_OR_UPDATE">
            <dependent_value/>
            <element>u_choice_2</element>
            <hint/>
            <inactive>false</inactive>
            <label>What's In the Box Special Event</label>
            <language>en</language>
            <name>x_386573_unicorns_event_venue</name>
            <sequence>25</sequence>
            <sys_created_by>admin</sys_created_by>
            <sys_created_on>2019-08-02 04:25:40</sys_created_on>
            <sys_domain>global</sys_domain>
            <sys_domain_path>/</sys_domain_path>
            <sys_id>a5fce9c9db833300143c9fd2ca961974</sys_id>
            <sys_mod_count>0</sys_mod_count>
            <sys_updated_by>admin</sys_updated_by>
            <sys_updated_on>2019-08-02 04:25:40</sys_updated_on>
            <value>what's in the box special event</value>
        </sys_choice>
        <sys_choice action="INSERT_OR_UPDATE">
            <dependent_value/>
            <element>u_choice_2</element>
            <hint/>
            <inactive>false</inactive>
            <label>Twister Special Event</label>
            <language>en</language>
            <name>x_386573_unicorns_event_venue</name>
            <sequence>26</sequence>
            <sys_created_by>admin</sys_created_by>
            <sys_created_on>2019-08-02 04:25:40</sys_created_on>
            <sys_domain>global</sys_domain>
            <sys_domain_path>/</sys_domain_path>
            <sys_id>25fce9c9db833300143c9fd2ca961975</sys_id>
            <sys_mod_count>0</sys_mod_count>
            <sys_updated_by>admin</sys_updated_by>
            <sys_updated_on>2019-08-02 04:25:40</sys_updated_on>
            <value>twister special event</value>
        </sys_choice>
        <sys_choice action="INSERT_OR_UPDATE">
            <dependent_value/>
            <element>u_choice_2</element>
            <hint/>
            <inactive>false</inactive>
            <label>Treasure Hunt Special Event</label>
            <language>en</language>
            <name>x_386573_unicorns_event_venue</name>
            <sequence>27</sequence>
            <sys_created_by>admin</sys_created_by>
            <sys_created_on>2019-08-02 04:25:40</sys_created_on>
            <sys_domain>global</sys_domain>
            <sys_domain_path>/</sys_domain_path>
            <sys_id>a1fce9c9db833300143c9fd2ca961976</sys_id>
            <sys_mod_count>0</sys_mod_count>
            <sys_updated_by>admin</sys_updated_by>
            <sys_updated_on>2019-08-02 04:25:40</sys_updated_on>
            <value>treasure hunt special event</value>
        </sys_choice>
        <sys_choice action="INSERT_OR_UPDATE">
            <dependent_value/>
            <element>u_choice_2</element>
            <hint/>
            <inactive>false</inactive>
            <label>Proshow</label>
            <language>en</language>
            <name>x_386573_unicorns_event_venue</name>
            <sequence>28</sequence>
            <sys_created_by>admin</sys_created_by>
            <sys_created_on>2019-08-02 04:25:40</sys_created_on>
            <sys_domain>global</sys_domain>
            <sys_domain_path>/</sys_domain_path>
            <sys_id>e5fce9c9db833300143c9fd2ca961983</sys_id>
            <sys_mod_count>0</sys_mod_count>
            <sys_updated_by>admin</sys_updated_by>
            <sys_updated_on>2019-08-02 04:25:40</sys_updated_on>
            <value>proshow</value>
        </sys_choice>
        <sys_choice action="INSERT_OR_UPDATE">
            <dependent_value/>
            <element>u_choice_2</element>
            <hint/>
            <inactive>false</inactive>
            <label>Cultural Events</label>
            <language>en</language>
            <name>x_386573_unicorns_event_venue</name>
            <sequence>29</sequence>
            <sys_created_by>admin</sys_created_by>
            <sys_created_on>2019-08-02 04:25:40</sys_created_on>
            <sys_domain>global</sys_domain>
            <sys_domain_path>/</sys_domain_path>
            <sys_id>65fce9c9db833300143c9fd2ca961984</sys_id>
            <sys_mod_count>0</sys_mod_count>
            <sys_updated_by>admin</sys_updated_by>
            <sys_updated_on>2019-08-02 04:25:40</sys_updated_on>
            <value>cultural events</value>
        </sys_choice>
        <sys_choice_set action="INSERT_OR_UPDATE">
            <element>u_choice_2</element>
            <name>x_386573_unicorns_event_venue</name>
            <sys_class_name>sys_choice_set</sys_class_name>
            <sys_created_by>admin</sys_created_by>
            <sys_created_on>2019-08-02 04:25:39</sys_created_on>
            <sys_id>e5fce9c9db833300143c9fd2ca961952</sys_id>
            <sys_mod_count>0</sys_mod_count>
            <sys_name>u_choice_2</sys_name>
            <sys_package display_value="unicorns" source="x_386573_unicorns">a8a4a90ddb033300143c9fd2ca961918</sys_package>
            <sys_policy/>
            <sys_scope display_value="unicorns">a8a4a90ddb033300143c9fd2ca961918</sys_scope>
            <sys_update_name>sys_choice_x_386573_unicorns_event_venue_u_choice_2</sys_update_name>
            <sys_updated_by>admin</sys_updated_by>
            <sys_updated_on>2019-08-02 04:25:39</sys_updated_on>
        </sys_choice_set>
    </sys_choice>
</record_update>
