<?xml version="1.0" encoding="UTF-8"?><record_update table="sys_hub_action_instance">
    <sys_hub_action_instance action="INSERT_OR_UPDATE">
        <action_inputs/>
        <action_inputs/>
        <action_type display_value="Ask For Approval">f8f2e9920b10030085c083eb37673abd</action_type>
        <action_type_parent/>
        <comment/>
        <compiled_snapshot>f8f2e9920b10030085c083eb37673abd</compiled_snapshot>
        <display_text/>
        <flow display_value="certificate_flow">60524a0ddb073300143c9fd2ca96194d</flow>
        <order>1.1</order>
        <parent_ui_id>588cf915-7f42-48a4-b50e-50bb8641fc79</parent_ui_id>
        <sys_class_name>sys_hub_action_instance</sys_class_name>
        <sys_created_by>admin</sys_created_by>
        <sys_created_on>2019-08-02 06:06:31</sys_created_on>
        <sys_id>3a04c201db473300143c9fd2ca9619cc</sys_id>
        <sys_mod_count>50</sys_mod_count>
        <sys_name/>
        <sys_package display_value="unicorns" source="x_386573_unicorns">a8a4a90ddb033300143c9fd2ca961918</sys_package>
        <sys_policy/>
        <sys_scope display_value="unicorns">a8a4a90ddb033300143c9fd2ca961918</sys_scope>
        <sys_update_name>sys_hub_action_instance_3a04c201db473300143c9fd2ca9619cc</sys_update_name>
        <sys_updated_by>admin</sys_updated_by>
        <sys_updated_on>2019-08-02 10:25:07</sys_updated_on>
        <ui_id>84d11a57-1370-43b6-9893-abd6116bae26</ui_id>
    </sys_hub_action_instance>
    <sys_variable_value action="delete_multiple" query="document_key=3a04c201db473300143c9fd2ca9619cc"/>
    <sys_variable_value action="INSERT_OR_UPDATE">
        <document>sys_hub_action_instance</document>
        <document_key>3a04c201db473300143c9fd2ca9619cc</document_key>
        <order>3</order>
        <sys_class_name>sys_variable_value</sys_class_name>
        <sys_created_by>admin</sys_created_by>
        <sys_created_on>2019-08-02 06:06:31</sys_created_on>
        <sys_id>0b04c201db473300143c9fd2ca9619d4</sys_id>
        <sys_mod_count>0</sys_mod_count>
        <sys_updated_by>admin</sys_updated_by>
        <sys_updated_on>2019-08-02 06:06:31</sys_updated_on>
        <value>approval_history</value>
        <variable display_value="">22d2a9920b10030085c083eb37673ac3</variable>
    </sys_variable_value>
    <sys_variable_value action="INSERT_OR_UPDATE">
        <document>sys_hub_action_instance</document>
        <document_key>3a04c201db473300143c9fd2ca9619cc</document_key>
        <order>2</order>
        <sys_class_name>sys_variable_value</sys_class_name>
        <sys_created_by>admin</sys_created_by>
        <sys_created_on>2019-08-02 06:06:39</sys_created_on>
        <sys_id>38144601db473300143c9fd2ca961923</sys_id>
        <sys_mod_count>0</sys_mod_count>
        <sys_updated_by>admin</sys_updated_by>
        <sys_updated_on>2019-08-02 06:06:39</sys_updated_on>
        <value>approval</value>
        <variable display_value="">01f2e9920b10030085c083eb37673ad8</variable>
    </sys_variable_value>
    <sys_variable_value action="INSERT_OR_UPDATE">
        <document>sys_hub_action_instance</document>
        <document_key>3a04c201db473300143c9fd2ca9619cc</document_key>
        <order>2</order>
        <sys_class_name>sys_variable_value</sys_class_name>
        <sys_created_by>admin</sys_created_by>
        <sys_created_on>2019-08-02 06:06:31</sys_created_on>
        <sys_id>4704c201db473300143c9fd2ca9619d4</sys_id>
        <sys_mod_count>0</sys_mod_count>
        <sys_updated_by>admin</sys_updated_by>
        <sys_updated_on>2019-08-02 06:06:31</sys_updated_on>
        <value>approval</value>
        <variable display_value="">1ed2a9920b10030085c083eb37673ab7</variable>
    </sys_variable_value>
    <sys_variable_value action="INSERT_OR_UPDATE">
        <document>sys_hub_action_instance</document>
        <document_key>3a04c201db473300143c9fd2ca9619cc</document_key>
        <order>1</order>
        <sys_class_name>sys_variable_value</sys_class_name>
        <sys_created_by>admin</sys_created_by>
        <sys_created_on>2019-08-02 06:06:39</sys_created_on>
        <sys_id>70144601db473300143c9fd2ca961924</sys_id>
        <sys_mod_count>0</sys_mod_count>
        <sys_updated_by>admin</sys_updated_by>
        <sys_updated_on>2019-08-02 06:06:39</sys_updated_on>
        <value>x_386573_unicorns_registration</value>
        <variable display_value="">bcf2e9920b10030085c083eb37673acc</variable>
    </sys_variable_value>
    <sys_variable_value action="INSERT_OR_UPDATE">
        <document>sys_hub_action_instance</document>
        <document_key>3a04c201db473300143c9fd2ca9619cc</document_key>
        <order>1</order>
        <sys_class_name>sys_variable_value</sys_class_name>
        <sys_created_by>admin</sys_created_by>
        <sys_created_on>2019-08-02 06:06:31</sys_created_on>
        <sys_id>8f04c201db473300143c9fd2ca9619d4</sys_id>
        <sys_mod_count>0</sys_mod_count>
        <sys_updated_by>admin</sys_updated_by>
        <sys_updated_on>2019-08-02 06:06:31</sys_updated_on>
        <value>x_386573_unicorns_registration</value>
        <variable display_value="">d2d2a9920b10030085c083eb37673aa0</variable>
    </sys_variable_value>
    <sys_variable_value action="INSERT_OR_UPDATE">
        <document>sys_hub_action_instance</document>
        <document_key>3a04c201db473300143c9fd2ca9619cc</document_key>
        <order>5</order>
        <sys_class_name>sys_variable_value</sys_class_name>
        <sys_created_by>admin</sys_created_by>
        <sys_created_on>2019-08-02 06:06:39</sys_created_on>
        <sys_id>bc144601db473300143c9fd2ca961923</sys_id>
        <sys_mod_count>0</sys_mod_count>
        <sys_updated_by>admin</sys_updated_by>
        <sys_updated_on>2019-08-02 06:06:39</sys_updated_on>
        <value/>
        <variable display_value="">c5f2e9920b10030085c083eb37673af9</variable>
    </sys_variable_value>
    <sys_variable_value action="INSERT_OR_UPDATE">
        <document>sys_hub_action_instance</document>
        <document_key>3a04c201db473300143c9fd2ca9619cc</document_key>
        <order>5</order>
        <sys_class_name>sys_variable_value</sys_class_name>
        <sys_created_by>admin</sys_created_by>
        <sys_created_on>2019-08-02 06:06:31</sys_created_on>
        <sys_id>cb04c201db473300143c9fd2ca9619d4</sys_id>
        <sys_mod_count>0</sys_mod_count>
        <sys_updated_by>admin</sys_updated_by>
        <sys_updated_on>2019-08-02 06:06:31</sys_updated_on>
        <value/>
        <variable display_value="">26d2a9920b10030085c083eb37673ad9</variable>
    </sys_variable_value>
    <sys_variable_value action="INSERT_OR_UPDATE">
        <document>sys_hub_action_instance</document>
        <document_key>3a04c201db473300143c9fd2ca9619cc</document_key>
        <order>3</order>
        <sys_class_name>sys_variable_value</sys_class_name>
        <sys_created_by>admin</sys_created_by>
        <sys_created_on>2019-08-02 06:06:39</sys_created_on>
        <sys_id>f8144601db473300143c9fd2ca961923</sys_id>
        <sys_mod_count>0</sys_mod_count>
        <sys_updated_by>admin</sys_updated_by>
        <sys_updated_on>2019-08-02 06:06:39</sys_updated_on>
        <value>approval_history</value>
        <variable display_value="">c1f2e9920b10030085c083eb37673ae3</variable>
    </sys_variable_value>
    <sys_element_mapping action="delete_multiple" query="id=3a04c201db473300143c9fd2ca9619cc"/>
    <sys_element_mapping action="INSERT_OR_UPDATE">
        <field>approval_conditions</field>
        <id>3a04c201db473300143c9fd2ca9619cc</id>
        <sys_created_by>admin</sys_created_by>
        <sys_created_on>2019-08-02 06:06:31</sys_created_on>
        <sys_id>0304c201db473300143c9fd2ca9619d4</sys_id>
        <sys_mod_count>0</sys_mod_count>
        <sys_updated_by>admin</sys_updated_by>
        <sys_updated_on>2019-08-02 06:06:31</sys_updated_on>
        <table>var__m_sys_hub_action_input_bae0a1120b10030085c083eb37673a92</table>
        <value>ApprovesAnyU[{{static.1cca7941db073300143c9fd2ca961962}}]</value>
    </sys_element_mapping>
    <sys_element_mapping action="INSERT_OR_UPDATE">
        <field>approval_conditions</field>
        <id>3a04c201db473300143c9fd2ca9619cc</id>
        <sys_created_by>admin</sys_created_by>
        <sys_created_on>2019-08-02 06:06:39</sys_created_on>
        <sys_id>f0144601db473300143c9fd2ca961923</sys_id>
        <sys_mod_count>2</sys_mod_count>
        <sys_updated_by>admin</sys_updated_by>
        <sys_updated_on>2019-08-02 07:03:52</sys_updated_on>
        <table>var__m_sys_hub_action_input_f8f2e9920b10030085c083eb37673abd</table>
        <value>ApprovesAnyU[{{static.1cca7941db073300143c9fd2ca961962}}]</value>
    </sys_element_mapping>
    <sys_element_mapping action="INSERT_OR_UPDATE">
        <field>approval_field</field>
        <id>3a04c201db473300143c9fd2ca9619cc</id>
        <sys_created_by>admin</sys_created_by>
        <sys_created_on>2019-08-02 06:06:31</sys_created_on>
        <sys_id>8f04c201db473300143c9fd2ca9619d2</sys_id>
        <sys_mod_count>0</sys_mod_count>
        <sys_updated_by>admin</sys_updated_by>
        <sys_updated_on>2019-08-02 06:06:31</sys_updated_on>
        <table>var__m_sys_hub_action_input_bae0a1120b10030085c083eb37673a92</table>
        <value/>
    </sys_element_mapping>
    <sys_element_mapping action="INSERT_OR_UPDATE">
        <field>approval_field</field>
        <id>3a04c201db473300143c9fd2ca9619cc</id>
        <sys_created_by>admin</sys_created_by>
        <sys_created_on>2019-08-02 06:06:39</sys_created_on>
        <sys_id>f4144601db473300143c9fd2ca961922</sys_id>
        <sys_mod_count>0</sys_mod_count>
        <sys_updated_by>admin</sys_updated_by>
        <sys_updated_on>2019-08-02 06:06:39</sys_updated_on>
        <table>var__m_sys_hub_action_input_f8f2e9920b10030085c083eb37673abd</table>
        <value/>
    </sys_element_mapping>
    <sys_element_mapping action="INSERT_OR_UPDATE">
        <field>due_date</field>
        <id>3a04c201db473300143c9fd2ca9619cc</id>
        <sys_created_by>admin</sys_created_by>
        <sys_created_on>2019-08-02 06:06:39</sys_created_on>
        <sys_id>30144601db473300143c9fd2ca961923</sys_id>
        <sys_mod_count>0</sys_mod_count>
        <sys_updated_by>admin</sys_updated_by>
        <sys_updated_on>2019-08-02 06:06:39</sys_updated_on>
        <table>var__m_sys_hub_action_input_f8f2e9920b10030085c083eb37673abd</table>
        <value>{"action":"none","date_type":"actual","date":"{{}}","duration":1,"duration_type":"days","schedule":"","schedule_label":""}</value>
    </sys_element_mapping>
    <sys_element_mapping action="INSERT_OR_UPDATE">
        <field>due_date</field>
        <id>3a04c201db473300143c9fd2ca9619cc</id>
        <sys_created_by>admin</sys_created_by>
        <sys_created_on>2019-08-02 06:06:31</sys_created_on>
        <sys_id>4f04c201db473300143c9fd2ca9619d3</sys_id>
        <sys_mod_count>0</sys_mod_count>
        <sys_updated_by>admin</sys_updated_by>
        <sys_updated_on>2019-08-02 06:06:31</sys_updated_on>
        <table>var__m_sys_hub_action_input_bae0a1120b10030085c083eb37673a92</table>
        <value>{"action":"none","date_type":"actual","date":"{{}}","duration":1,"duration_type":"days","schedule":"","schedule_label":""}</value>
    </sys_element_mapping>
    <sys_element_mapping action="INSERT_OR_UPDATE">
        <field>journal_field</field>
        <id>3a04c201db473300143c9fd2ca9619cc</id>
        <sys_created_by>admin</sys_created_by>
        <sys_created_on>2019-08-02 06:06:39</sys_created_on>
        <sys_id>b8144601db473300143c9fd2ca961922</sys_id>
        <sys_mod_count>0</sys_mod_count>
        <sys_updated_by>admin</sys_updated_by>
        <sys_updated_on>2019-08-02 06:06:39</sys_updated_on>
        <table>var__m_sys_hub_action_input_f8f2e9920b10030085c083eb37673abd</table>
        <value/>
    </sys_element_mapping>
    <sys_element_mapping action="INSERT_OR_UPDATE">
        <field>journal_field</field>
        <id>3a04c201db473300143c9fd2ca9619cc</id>
        <sys_created_by>admin</sys_created_by>
        <sys_created_on>2019-08-02 06:06:31</sys_created_on>
        <sys_id>c704c201db473300143c9fd2ca9619d3</sys_id>
        <sys_mod_count>0</sys_mod_count>
        <sys_updated_by>admin</sys_updated_by>
        <sys_updated_on>2019-08-02 06:06:31</sys_updated_on>
        <table>var__m_sys_hub_action_input_bae0a1120b10030085c083eb37673a92</table>
        <value/>
    </sys_element_mapping>
    <sys_element_mapping action="INSERT_OR_UPDATE">
        <field>record</field>
        <id>3a04c201db473300143c9fd2ca9619cc</id>
        <sys_created_by>admin</sys_created_by>
        <sys_created_on>2019-08-02 06:06:39</sys_created_on>
        <sys_id>7c144601db473300143c9fd2ca961922</sys_id>
        <sys_mod_count>0</sys_mod_count>
        <sys_updated_by>admin</sys_updated_by>
        <sys_updated_on>2019-08-02 06:06:39</sys_updated_on>
        <table>var__m_sys_hub_action_input_f8f2e9920b10030085c083eb37673abd</table>
        <value>{{Created or Updated_1.current}}</value>
    </sys_element_mapping>
    <sys_element_mapping action="INSERT_OR_UPDATE">
        <field>record</field>
        <id>3a04c201db473300143c9fd2ca9619cc</id>
        <sys_created_by>admin</sys_created_by>
        <sys_created_on>2019-08-02 06:06:31</sys_created_on>
        <sys_id>8b04c201db473300143c9fd2ca9619d3</sys_id>
        <sys_mod_count>0</sys_mod_count>
        <sys_updated_by>admin</sys_updated_by>
        <sys_updated_on>2019-08-02 06:06:31</sys_updated_on>
        <table>var__m_sys_hub_action_input_bae0a1120b10030085c083eb37673a92</table>
        <value>{{Created or Updated_1.current}}</value>
    </sys_element_mapping>
    <sys_element_mapping action="INSERT_OR_UPDATE">
        <field>table</field>
        <id>3a04c201db473300143c9fd2ca9619cc</id>
        <sys_created_by>admin</sys_created_by>
        <sys_created_on>2019-08-02 06:06:39</sys_created_on>
        <sys_id>b4144601db473300143c9fd2ca961923</sys_id>
        <sys_mod_count>0</sys_mod_count>
        <sys_updated_by>admin</sys_updated_by>
        <sys_updated_on>2019-08-02 06:06:39</sys_updated_on>
        <table>var__m_sys_hub_action_input_f8f2e9920b10030085c083eb37673abd</table>
        <value/>
    </sys_element_mapping>
    <sys_element_mapping action="INSERT_OR_UPDATE">
        <field>table</field>
        <id>3a04c201db473300143c9fd2ca9619cc</id>
        <sys_created_by>admin</sys_created_by>
        <sys_created_on>2019-08-02 06:06:31</sys_created_on>
        <sys_id>c304c201db473300143c9fd2ca9619d4</sys_id>
        <sys_mod_count>0</sys_mod_count>
        <sys_updated_by>admin</sys_updated_by>
        <sys_updated_on>2019-08-02 06:06:31</sys_updated_on>
        <table>var__m_sys_hub_action_input_bae0a1120b10030085c083eb37673a92</table>
        <value/>
    </sys_element_mapping>
</record_update>
