<?xml version="1.0" encoding="UTF-8"?><record_update table="sys_hub_flow_snapshot">
    <sys_hub_flow_snapshot action="INSERT_OR_UPDATE">
        <access>public</access>
        <acls/>
        <active>true</active>
        <annotation/>
        <callable_by_client_api>false</callable_by_client_api>
        <category/>
        <copied_from/>
        <copied_from_name/>
        <description/>
        <internal_name>klu_flow</internal_name>
        <label_cache>[{"name":"f2989c46-e924-4f6f-9649-73d1d19c0f84.email","label":"1.3.1➛email","reference":"sys_email","reference_display":"Email","type":"reference","base_type":"reference"},{"name":"b7c84ced-806e-4c06-8f03-5c646f2a1d4e.email","label":"1.2.1➛email","reference":"sys_email","reference_display":"Email","type":"reference","base_type":"reference"},{"name":"b2aa1a09-3b5d-4bb1-bffa-dcf308e2d82e.email","label":"1.2➛email","reference":"sys_email","reference_display":"Email","type":"reference","base_type":"reference"},{"name":"{{static.1cca7941db073300143c9fd2ca961962}}","label":"Certificate Approval","reference":"sys_user","reference_display":"User","type":"reference","base_type":"reference"},{"name":"Created or Updated_1.current","label":"Trigger➛KLU_Registration Record","reference":"x_386573_unicorns_klu_registration","reference_display":"KLU_Registration","type":"reference","base_type":"reference"},{"name":"dd734df6-7094-4907-9b93-13018f11be57.approval_state","label":"1.1➛Approval State","reference_display":"Approval State","type":"choice","base_type":"choice"},{"name":"Created or Updated_1.current.u_boolean_1","label":"Trigger➛KLU_Registration Record➛ENSURE THE DETAILS PROVIDED BY YOU ARE TRUE(MARK THE CHECK BOX)","reference":"","reference_display":"ENSURE THE DETAILS PROVIDED BY YOU ARE TRUE(MARK THE CHECK BOX)","type":"boolean","base_type":"boolean","parent_table_name":"x_386573_unicorns_klu_registration","column_name":"u_boolean_1"}]</label_cache>
        <master>true</master>
        <name>klu_flow</name>
        <outputs/>
        <parent_flow display_value="klu_flow">54e80285db473300143c9fd2ca9619d7</parent_flow>
        <remote_trigger_id/>
        <run_as>user</run_as>
        <sc_callable>false</sc_callable>
        <status>published</status>
        <sys_class_name>sys_hub_flow_snapshot</sys_class_name>
        <sys_created_by>admin</sys_created_by>
        <sys_created_on>2019-08-02 06:40:14</sys_created_on>
        <sys_id>38cbca85db873300143c9fd2ca9619b9</sys_id>
        <sys_mod_count>0</sys_mod_count>
        <sys_name>klu_flow</sys_name>
        <sys_package display_value="unicorns" source="x_386573_unicorns">a8a4a90ddb033300143c9fd2ca961918</sys_package>
        <sys_policy/>
        <sys_scope display_value="unicorns">a8a4a90ddb033300143c9fd2ca961918</sys_scope>
        <sys_update_name>sys_hub_flow_snapshot_38cbca85db873300143c9fd2ca9619b9</sys_update_name>
        <sys_updated_by>admin</sys_updated_by>
        <sys_updated_on>2019-08-02 06:40:14</sys_updated_on>
        <type>flow</type>
    </sys_hub_flow_snapshot>
    <sys_translated_text action="delete_multiple" query="documentkey=38cbca85db873300143c9fd2ca9619b9"/>
    <sys_variable_value action="delete_multiple" query="document_key=38cbca85db873300143c9fd2ca9619b9"/>
</record_update>
