<?xml version="1.0" encoding="UTF-8"?><record_update>
    <sys_choice action="INSERT_OR_UPDATE" field="u_choice_2" table="x_386573_unicorns_accommodation" version="3">
        <sys_choice action="INSERT_OR_UPDATE">
            <dependent_value/>
            <element>u_choice_2</element>
            <hint/>
            <inactive>false</inactive>
            <label>Male</label>
            <language>en</language>
            <name>x_386573_unicorns_accommodation</name>
            <sequence>0</sequence>
            <sys_created_by>admin</sys_created_by>
            <sys_created_on>2019-08-02 04:00:45</sys_created_on>
            <sys_domain>global</sys_domain>
            <sys_domain_path>/</sys_domain_path>
            <sys_id>b447258ddb433300143c9fd2ca9619d8</sys_id>
            <sys_mod_count>0</sys_mod_count>
            <sys_updated_by>admin</sys_updated_by>
            <sys_updated_on>2019-08-02 04:00:45</sys_updated_on>
            <value>male</value>
        </sys_choice>
        <sys_choice action="INSERT_OR_UPDATE">
            <dependent_value/>
            <element>u_choice_2</element>
            <hint/>
            <inactive>false</inactive>
            <label>Female</label>
            <language>en</language>
            <name>x_386573_unicorns_accommodation</name>
            <sequence>1</sequence>
            <sys_created_by>admin</sys_created_by>
            <sys_created_on>2019-08-02 04:00:45</sys_created_on>
            <sys_domain>global</sys_domain>
            <sys_domain_path>/</sys_domain_path>
            <sys_id>f447258ddb433300143c9fd2ca9619d9</sys_id>
            <sys_mod_count>0</sys_mod_count>
            <sys_updated_by>admin</sys_updated_by>
            <sys_updated_on>2019-08-02 04:00:45</sys_updated_on>
            <value>female</value>
        </sys_choice>
        <sys_choice_set action="INSERT_OR_UPDATE">
            <element>u_choice_2</element>
            <name>x_386573_unicorns_accommodation</name>
            <sys_class_name>sys_choice_set</sys_class_name>
            <sys_created_by>admin</sys_created_by>
            <sys_created_on>2019-08-02 04:00:45</sys_created_on>
            <sys_id>fc47258ddb433300143c9fd2ca9619d8</sys_id>
            <sys_mod_count>0</sys_mod_count>
            <sys_name>u_choice_2</sys_name>
            <sys_package display_value="unicorns" source="x_386573_unicorns">a8a4a90ddb033300143c9fd2ca961918</sys_package>
            <sys_policy/>
            <sys_scope display_value="unicorns">a8a4a90ddb033300143c9fd2ca961918</sys_scope>
            <sys_update_name>sys_choice_x_386573_unicorns_accommodation_u_choice_2</sys_update_name>
            <sys_updated_by>admin</sys_updated_by>
            <sys_updated_on>2019-08-02 04:00:45</sys_updated_on>
        </sys_choice_set>
    </sys_choice>
</record_update>
