<?xml version="1.0" encoding="UTF-8"?><record_update sys_domain="global" table="sys_app_module">
    <sys_app_module action="INSERT_OR_UPDATE">
        <active>true</active>
        <application display_value="Accommodation">96952909db433300143c9fd2ca9619e1</application>
        <assessment/>
        <content_page/>
        <device_type/>
        <filter/>
        <hint/>
        <homepage/>
        <image/>
        <link_type>LIST</link_type>
        <map_page/>
        <mobile_title>Accommodations</mobile_title>
        <mobile_view_name>Mobile</mobile_view_name>
        <name>x_386573_unicorns_accommodation</name>
        <order/>
        <override_menu_roles>false</override_menu_roles>
        <query/>
        <report/>
        <roles>x_386573_unicorns.accommodation_user</roles>
        <sys_class_name>sys_app_module</sys_class_name>
        <sys_created_by>admin</sys_created_by>
        <sys_created_on>2019-08-02 03:53:30</sys_created_on>
        <sys_domain>global</sys_domain>
        <sys_domain_path>/</sys_domain_path>
        <sys_id>12952909db433300143c9fd2ca9619e4</sys_id>
        <sys_mod_count>0</sys_mod_count>
        <sys_name>Accommodations</sys_name>
        <sys_overrides/>
        <sys_package display_value="unicorns" source="x_386573_unicorns">a8a4a90ddb033300143c9fd2ca961918</sys_package>
        <sys_policy/>
        <sys_scope display_value="unicorns">a8a4a90ddb033300143c9fd2ca961918</sys_scope>
        <sys_update_name>sys_app_module_12952909db433300143c9fd2ca9619e4</sys_update_name>
        <sys_updated_by>admin</sys_updated_by>
        <sys_updated_on>2019-08-02 03:53:30</sys_updated_on>
        <timeline_page/>
        <title>Accommodations</title>
        <uncancelable>false</uncancelable>
        <view_name/>
        <window_name/>
    </sys_app_module>
</record_update>
