<?xml version="1.0" encoding="UTF-8"?><record_update table="sys_security_acl">
    <sys_security_acl action="INSERT_OR_UPDATE">
        <active>true</active>
        <admin_overrides>true</admin_overrides>
        <advanced>false</advanced>
        <condition/>
        <description>Default access control on x_386573_unicorns_klu_registration</description>
        <name>x_386573_unicorns_klu_registration</name>
        <operation display_value="create">create</operation>
        <script/>
        <sys_class_name>sys_security_acl</sys_class_name>
        <sys_created_by>admin</sys_created_by>
        <sys_created_on>2019-08-02 04:11:20</sys_created_on>
        <sys_id>37a9ad05db833300143c9fd2ca961904</sys_id>
        <sys_mod_count>0</sys_mod_count>
        <sys_name>x_386573_unicorns_klu_registration</sys_name>
        <sys_package display_value="unicorns" source="x_386573_unicorns">a8a4a90ddb033300143c9fd2ca961918</sys_package>
        <sys_policy/>
        <sys_scope display_value="unicorns">a8a4a90ddb033300143c9fd2ca961918</sys_scope>
        <sys_update_name>sys_security_acl_37a9ad05db833300143c9fd2ca961904</sys_update_name>
        <sys_updated_by>admin</sys_updated_by>
        <sys_updated_on>2019-08-02 04:11:20</sys_updated_on>
        <type display_value="record">record</type>
    </sys_security_acl>
</record_update>
