<?xml version="1.0" encoding="UTF-8"?><record_update table="sys_hub_action_instance">
    <sys_hub_action_instance action="INSERT_OR_UPDATE">
        <action_inputs/>
        <action_inputs/>
        <action_type display_value="Ask For Approval">f8f2e9920b10030085c083eb37673abd</action_type>
        <action_type_parent display_value="Ask For Approval">bae0a1120b10030085c083eb37673a92</action_type_parent>
        <comment/>
        <compiled_snapshot>f8f2e9920b10030085c083eb37673abd</compiled_snapshot>
        <display_text/>
        <flow display_value="certificate_flow">09144601db473300143c9fd2ca9619a9</flow>
        <order>1.1</order>
        <parent_ui_id>588cf915-7f42-48a4-b50e-50bb8641fc79</parent_ui_id>
        <sys_class_name>sys_hub_action_instance</sys_class_name>
        <sys_created_by>admin</sys_created_by>
        <sys_created_on>2019-08-02 06:06:40</sys_created_on>
        <sys_id>99148601db473300143c9fd2ca96192d</sys_id>
        <sys_mod_count>26</sys_mod_count>
        <sys_name/>
        <sys_package display_value="unicorns" source="x_386573_unicorns">a8a4a90ddb033300143c9fd2ca961918</sys_package>
        <sys_policy/>
        <sys_scope display_value="unicorns">a8a4a90ddb033300143c9fd2ca961918</sys_scope>
        <sys_update_name>sys_hub_action_instance_99148601db473300143c9fd2ca96192d</sys_update_name>
        <sys_updated_by>admin</sys_updated_by>
        <sys_updated_on>2019-08-02 10:25:06</sys_updated_on>
        <ui_id>84d11a57-1370-43b6-9893-abd6116bae26</ui_id>
    </sys_hub_action_instance>
    <sys_variable_value action="delete_multiple" query="document_key=99148601db473300143c9fd2ca96192d"/>
    <sys_variable_value action="INSERT_OR_UPDATE">
        <document>sys_hub_action_instance</document>
        <document_key>99148601db473300143c9fd2ca96192d</document_key>
        <order>5</order>
        <sys_class_name>sys_variable_value</sys_class_name>
        <sys_created_by>admin</sys_created_by>
        <sys_created_on>2019-08-02 06:06:40</sys_created_on>
        <sys_id>15148601db473300143c9fd2ca961934</sys_id>
        <sys_mod_count>0</sys_mod_count>
        <sys_updated_by>admin</sys_updated_by>
        <sys_updated_on>2019-08-02 06:06:40</sys_updated_on>
        <value/>
        <variable display_value="">c5f2e9920b10030085c083eb37673af9</variable>
    </sys_variable_value>
    <sys_variable_value action="INSERT_OR_UPDATE">
        <document>sys_hub_action_instance</document>
        <document_key>99148601db473300143c9fd2ca96192d</document_key>
        <order>3</order>
        <sys_class_name>sys_variable_value</sys_class_name>
        <sys_created_by>admin</sys_created_by>
        <sys_created_on>2019-08-02 06:06:40</sys_created_on>
        <sys_id>51148601db473300143c9fd2ca961934</sys_id>
        <sys_mod_count>0</sys_mod_count>
        <sys_updated_by>admin</sys_updated_by>
        <sys_updated_on>2019-08-02 06:06:40</sys_updated_on>
        <value>approval_history</value>
        <variable display_value="">c1f2e9920b10030085c083eb37673ae3</variable>
    </sys_variable_value>
    <sys_variable_value action="INSERT_OR_UPDATE">
        <document>sys_hub_action_instance</document>
        <document_key>99148601db473300143c9fd2ca96192d</document_key>
        <order>2</order>
        <sys_class_name>sys_variable_value</sys_class_name>
        <sys_created_by>admin</sys_created_by>
        <sys_created_on>2019-08-02 06:06:40</sys_created_on>
        <sys_id>9d148601db473300143c9fd2ca961933</sys_id>
        <sys_mod_count>0</sys_mod_count>
        <sys_updated_by>admin</sys_updated_by>
        <sys_updated_on>2019-08-02 06:06:40</sys_updated_on>
        <value>approval</value>
        <variable display_value="">01f2e9920b10030085c083eb37673ad8</variable>
    </sys_variable_value>
    <sys_variable_value action="INSERT_OR_UPDATE">
        <document>sys_hub_action_instance</document>
        <document_key>99148601db473300143c9fd2ca96192d</document_key>
        <order>1</order>
        <sys_class_name>sys_variable_value</sys_class_name>
        <sys_created_by>admin</sys_created_by>
        <sys_created_on>2019-08-02 06:06:40</sys_created_on>
        <sys_id>d5148601db473300143c9fd2ca961934</sys_id>
        <sys_mod_count>0</sys_mod_count>
        <sys_updated_by>admin</sys_updated_by>
        <sys_updated_on>2019-08-02 06:06:40</sys_updated_on>
        <value>x_386573_unicorns_registration</value>
        <variable display_value="">bcf2e9920b10030085c083eb37673acc</variable>
    </sys_variable_value>
    <sys_element_mapping action="delete_multiple" query="id=99148601db473300143c9fd2ca96192d"/>
    <sys_element_mapping action="INSERT_OR_UPDATE">
        <field>approval_conditions</field>
        <id>99148601db473300143c9fd2ca96192d</id>
        <sys_created_by>admin</sys_created_by>
        <sys_created_on>2019-08-02 06:06:40</sys_created_on>
        <sys_id>59148601db473300143c9fd2ca961933</sys_id>
        <sys_mod_count>2</sys_mod_count>
        <sys_updated_by>admin</sys_updated_by>
        <sys_updated_on>2019-08-02 07:04:00</sys_updated_on>
        <table>var__m_sys_hub_action_input_f8f2e9920b10030085c083eb37673abd</table>
        <value>ApprovesAnyU[{{static.1cca7941db073300143c9fd2ca961962}}]</value>
    </sys_element_mapping>
    <sys_element_mapping action="INSERT_OR_UPDATE">
        <field>approval_field</field>
        <id>99148601db473300143c9fd2ca96192d</id>
        <sys_created_by>admin</sys_created_by>
        <sys_created_on>2019-08-02 06:06:40</sys_created_on>
        <sys_id>5d148601db473300143c9fd2ca961932</sys_id>
        <sys_mod_count>0</sys_mod_count>
        <sys_updated_by>admin</sys_updated_by>
        <sys_updated_on>2019-08-02 06:06:40</sys_updated_on>
        <table>var__m_sys_hub_action_input_f8f2e9920b10030085c083eb37673abd</table>
        <value/>
    </sys_element_mapping>
    <sys_element_mapping action="INSERT_OR_UPDATE">
        <field>due_date</field>
        <id>99148601db473300143c9fd2ca96192d</id>
        <sys_created_by>admin</sys_created_by>
        <sys_created_on>2019-08-02 06:06:40</sys_created_on>
        <sys_id>95148601db473300143c9fd2ca961933</sys_id>
        <sys_mod_count>0</sys_mod_count>
        <sys_updated_by>admin</sys_updated_by>
        <sys_updated_on>2019-08-02 06:06:40</sys_updated_on>
        <table>var__m_sys_hub_action_input_f8f2e9920b10030085c083eb37673abd</table>
        <value>{"action":"none","date_type":"actual","date":"{{}}","duration":1,"duration_type":"days","schedule":"","schedule_label":""}</value>
    </sys_element_mapping>
    <sys_element_mapping action="INSERT_OR_UPDATE">
        <field>journal_field</field>
        <id>99148601db473300143c9fd2ca96192d</id>
        <sys_created_by>admin</sys_created_by>
        <sys_created_on>2019-08-02 06:06:40</sys_created_on>
        <sys_id>11148601db473300143c9fd2ca961933</sys_id>
        <sys_mod_count>0</sys_mod_count>
        <sys_updated_by>admin</sys_updated_by>
        <sys_updated_on>2019-08-02 06:06:40</sys_updated_on>
        <table>var__m_sys_hub_action_input_f8f2e9920b10030085c083eb37673abd</table>
        <value/>
    </sys_element_mapping>
    <sys_element_mapping action="INSERT_OR_UPDATE">
        <field>record</field>
        <id>99148601db473300143c9fd2ca96192d</id>
        <sys_created_by>admin</sys_created_by>
        <sys_created_on>2019-08-02 06:06:40</sys_created_on>
        <sys_id>d1148601db473300143c9fd2ca961933</sys_id>
        <sys_mod_count>0</sys_mod_count>
        <sys_updated_by>admin</sys_updated_by>
        <sys_updated_on>2019-08-02 06:06:40</sys_updated_on>
        <table>var__m_sys_hub_action_input_f8f2e9920b10030085c083eb37673abd</table>
        <value>{{Created or Updated_1.current}}</value>
    </sys_element_mapping>
    <sys_element_mapping action="INSERT_OR_UPDATE">
        <field>table</field>
        <id>99148601db473300143c9fd2ca96192d</id>
        <sys_created_by>admin</sys_created_by>
        <sys_created_on>2019-08-02 06:06:40</sys_created_on>
        <sys_id>1d148601db473300143c9fd2ca961933</sys_id>
        <sys_mod_count>0</sys_mod_count>
        <sys_updated_by>admin</sys_updated_by>
        <sys_updated_on>2019-08-02 06:06:40</sys_updated_on>
        <table>var__m_sys_hub_action_input_f8f2e9920b10030085c083eb37673abd</table>
        <value/>
    </sys_element_mapping>
</record_update>
