<?xml version="1.0" encoding="UTF-8"?><record_update table="sys_hub_flow_block">
    <sys_hub_flow_block action="INSERT_OR_UPDATE">
        <label_cache/>
        <name/>
        <sys_class_name>sys_hub_flow_block</sys_class_name>
        <sys_created_by>admin</sys_created_by>
        <sys_created_on>2019-08-02 06:06:31</sys_created_on>
        <sys_id>4f040601db473300143c9fd2ca961937</sys_id>
        <sys_mod_count>46</sys_mod_count>
        <sys_name/>
        <sys_package display_value="unicorns" source="x_386573_unicorns">a8a4a90ddb033300143c9fd2ca961918</sys_package>
        <sys_policy/>
        <sys_scope display_value="unicorns">a8a4a90ddb033300143c9fd2ca961918</sys_scope>
        <sys_update_name>sys_hub_flow_block_4f040601db473300143c9fd2ca961937</sys_update_name>
        <sys_updated_by>admin</sys_updated_by>
        <sys_updated_on>2019-08-02 10:25:08</sys_updated_on>
    </sys_hub_flow_block>
</record_update>
