<?xml version="1.0" encoding="UTF-8"?><record_update sys_domain="global" table="sys_script_client">
    <sys_script_client action="INSERT_OR_UPDATE">
        <active>true</active>
        <applies_extended>false</applies_extended>
        <condition/>
        <description/>
        <field>u_choice_7</field>
        <global>true</global>
        <isolate_script>true</isolate_script>
        <messages/>
        <name>Accommodation Payment</name>
        <order/>
        <script><![CDATA[function onChange(control, oldValue, newValue, isLoading, isTemplate) {
   if (isLoading || newValue === '') {
      return;
   }
	var z=g_form.getValue('u_choice_7');
	if(z=='1')
		{
			g_form.setValue('u_choice_1','250');
		}
	else if(z=='2')
		{
			g_form.setValue('u_choice_1','500');
		}

   //Type appropriate comment here, and begin script below
   
}]]></script>
        <sys_class_name>sys_script_client</sys_class_name>
        <sys_created_by>admin</sys_created_by>
        <sys_created_on>2019-08-02 04:26:16</sys_created_on>
        <sys_domain>global</sys_domain>
        <sys_domain_path>/</sys_domain_path>
        <sys_id>95fca9c9db833300143c9fd2ca9619d8</sys_id>
        <sys_mod_count>2</sys_mod_count>
        <sys_name>Accommodation Payment</sys_name>
        <sys_overrides/>
        <sys_package display_value="unicorns" source="x_386573_unicorns">a8a4a90ddb033300143c9fd2ca961918</sys_package>
        <sys_policy/>
        <sys_scope display_value="unicorns">a8a4a90ddb033300143c9fd2ca961918</sys_scope>
        <sys_update_name>sys_script_client_95fca9c9db833300143c9fd2ca9619d8</sys_update_name>
        <sys_updated_by>admin</sys_updated_by>
        <sys_updated_on>2019-08-02 05:06:49</sys_updated_on>
        <table>x_386573_unicorns_accommodation</table>
        <type>onChange</type>
        <ui_type>10</ui_type>
        <view/>
    </sys_script_client>
</record_update>
