<?xml version="1.0" encoding="UTF-8"?><record_update sys_domain="global" table="sys_script_client">
    <sys_script_client action="INSERT_OR_UPDATE">
        <active>true</active>
        <applies_extended>false</applies_extended>
        <condition/>
        <description/>
        <field>active</field>
        <global>true</global>
        <isolate_script>true</isolate_script>
        <messages/>
        <name>Registration Icons</name>
        <order/>
        <script><![CDATA[function onLoad() {
   //Type appropriate comment here, and begin script below
	g_form.addDecoration('u_string_1','icon-user','Name');
	g_form.addDecoration('u_string_4','icon-mail','EmailID');
	g_form.addDecoration('phone_number','icon-mobile','Contact Number'); 
}

]]></script>
        <sys_class_name>sys_script_client</sys_class_name>
        <sys_created_by>admin</sys_created_by>
        <sys_created_on>2019-08-02 09:00:35</sys_created_on>
        <sys_domain>global</sys_domain>
        <sys_domain_path>/</sys_domain_path>
        <sys_id>6f5b62cddb0b3300143c9fd2ca96190d</sys_id>
        <sys_mod_count>0</sys_mod_count>
        <sys_name>Registration Icons</sys_name>
        <sys_overrides/>
        <sys_package display_value="unicorns" source="x_386573_unicorns">a8a4a90ddb033300143c9fd2ca961918</sys_package>
        <sys_policy/>
        <sys_scope display_value="unicorns">a8a4a90ddb033300143c9fd2ca961918</sys_scope>
        <sys_update_name>sys_script_client_6f5b62cddb0b3300143c9fd2ca96190d</sys_update_name>
        <sys_updated_by>admin</sys_updated_by>
        <sys_updated_on>2019-08-02 09:00:35</sys_updated_on>
        <table>x_386573_unicorns_registration</table>
        <type>onLoad</type>
        <ui_type>10</ui_type>
        <view/>
    </sys_script_client>
</record_update>
