<?xml version="1.0" encoding="UTF-8"?><record_update table="sys_embedded_help_role">
    <sys_embedded_help_role action="INSERT_OR_UPDATE">
        <order>1000</order>
        <role display_value="x_386573_unicorns.klu_registration_user" name="x_386573_unicorns.klu_registration_user">aba96505db833300143c9fd2ca9619ca</role>
        <sys_class_name>sys_embedded_help_role</sys_class_name>
        <sys_created_by>admin</sys_created_by>
        <sys_created_on>2019-08-02 04:11:20</sys_created_on>
        <sys_id>23a96d05db833300143c9fd2ca9619ea</sys_id>
        <sys_mod_count>0</sys_mod_count>
        <sys_name>aba96505db833300143c9fd2ca9619ca</sys_name>
        <sys_package display_value="unicorns" source="x_386573_unicorns">a8a4a90ddb033300143c9fd2ca961918</sys_package>
        <sys_policy/>
        <sys_scope display_value="unicorns">a8a4a90ddb033300143c9fd2ca961918</sys_scope>
        <sys_update_name>sys_embedded_help_role_23a96d05db833300143c9fd2ca9619ea</sys_update_name>
        <sys_updated_by>admin</sys_updated_by>
        <sys_updated_on>2019-08-02 04:11:20</sys_updated_on>
    </sys_embedded_help_role>
</record_update>
