<?xml version="1.0" encoding="UTF-8"?><record_update table="sys_flow_trigger_plan">
    <sys_flow_trigger_plan action="INSERT_OR_UPDATE">
        <binding_strategy>com.snc.process_flow.engine.binding.OncePerRecord</binding_strategy>
        <plan>{"persistor":{"@class":".ChunkingPlanPersistor","table":"sys_flow_trigger_plan","id":"85cb0e85db873300143c9fd2ca96199d","name":"plan"}}</plan>
        <plan_id>54e80285db473300143c9fd2ca9619d7</plan_id>
        <snapshot>5678620ddb0b3300143c9fd2ca9619da</snapshot>
        <sys_class_name>sys_flow_trigger_plan</sys_class_name>
        <sys_created_by>admin</sys_created_by>
        <sys_created_on>2019-08-02 06:40:15</sys_created_on>
        <sys_id>85cb0e85db873300143c9fd2ca96199d</sys_id>
        <sys_mod_count>2</sys_mod_count>
        <sys_name>49cb0e85db873300143c9fd2ca96199b</sys_name>
        <sys_package display_value="unicorns" source="x_386573_unicorns">a8a4a90ddb033300143c9fd2ca961918</sys_package>
        <sys_policy/>
        <sys_scope display_value="unicorns">a8a4a90ddb033300143c9fd2ca961918</sys_scope>
        <sys_update_name>sys_flow_trigger_plan_85cb0e85db873300143c9fd2ca96199d</sys_update_name>
        <sys_updated_by>admin</sys_updated_by>
        <sys_updated_on>2019-08-02 08:00:56</sys_updated_on>
        <trigger display_value="">49cb0e85db873300143c9fd2ca96199b</trigger>
    </sys_flow_trigger_plan>
</record_update>
