<?xml version="1.0" encoding="UTF-8"?><record_update table="sys_hub_trigger_instance">
    <sys_hub_trigger_instance action="INSERT_OR_UPDATE">
        <comment/>
        <display_text/>
        <flow display_value="certificate_flow">60524a0ddb073300143c9fd2ca96194d</flow>
        <name>Created or Updated</name>
        <remote_sys_id/>
        <sys_class_name>sys_hub_trigger_instance</sys_class_name>
        <sys_created_by>admin</sys_created_by>
        <sys_created_on>2019-08-02 06:06:31</sys_created_on>
        <sys_id>3204c201db473300143c9fd2ca96193c</sys_id>
        <sys_mod_count>25</sys_mod_count>
        <sys_name>record_create_or_update</sys_name>
        <sys_package display_value="unicorns" source="x_386573_unicorns">a8a4a90ddb033300143c9fd2ca961918</sys_package>
        <sys_policy/>
        <sys_scope display_value="unicorns">a8a4a90ddb033300143c9fd2ca961918</sys_scope>
        <sys_update_name>sys_hub_trigger_instance_3204c201db473300143c9fd2ca96193c</sys_update_name>
        <sys_updated_by>admin</sys_updated_by>
        <sys_updated_on>2019-08-02 10:25:07</sys_updated_on>
        <trigger_definition display_value="Created or Updated">a45d9180c32222002841b63b12d3aea7</trigger_definition>
        <trigger_inputs/>
        <trigger_outputs/>
        <trigger_type>record_create_or_update</trigger_type>
    </sys_hub_trigger_instance>
    <sys_variable_value action="delete_multiple" query="document_key=3204c201db473300143c9fd2ca96193c"/>
    <sys_variable_value action="INSERT_OR_UPDATE">
        <document>sys_hub_trigger_instance</document>
        <document_key>3204c201db473300143c9fd2ca96193c</document_key>
        <order>100</order>
        <sys_class_name>sys_variable_value</sys_class_name>
        <sys_created_by>admin</sys_created_by>
        <sys_created_on>2019-08-02 06:06:31</sys_created_on>
        <sys_id>3204c201db473300143c9fd2ca96193f</sys_id>
        <sys_mod_count>0</sys_mod_count>
        <sys_updated_by>admin</sys_updated_by>
        <sys_updated_on>2019-08-02 06:06:31</sys_updated_on>
        <value>^EQ</value>
        <variable display_value="">707dd180c32222002841b63b12d3aecb</variable>
    </sys_variable_value>
    <sys_variable_value action="INSERT_OR_UPDATE">
        <document>sys_hub_trigger_instance</document>
        <document_key>3204c201db473300143c9fd2ca96193c</document_key>
        <order>1</order>
        <sys_class_name>sys_variable_value</sys_class_name>
        <sys_created_by>admin</sys_created_by>
        <sys_created_on>2019-08-02 06:06:31</sys_created_on>
        <sys_id>f604c201db473300143c9fd2ca96193f</sys_id>
        <sys_mod_count>0</sys_mod_count>
        <sys_updated_by>admin</sys_updated_by>
        <sys_updated_on>2019-08-02 06:06:31</sys_updated_on>
        <value>x_386573_unicorns_registration</value>
        <variable display_value="">cf1e1980c32222002841b63b12d3aea0</variable>
    </sys_variable_value>
</record_update>
