<?xml version="1.0" encoding="UTF-8"?><record_update>
    <sys_documentation element="u_choice_2" label="Event Name" language="en" table="x_386573_unicorns_event_venue">
        <sys_documentation action="INSERT_OR_UPDATE">
            <element>u_choice_2</element>
            <help/>
            <hint/>
            <label>Event Name</label>
            <language>en</language>
            <name>x_386573_unicorns_event_venue</name>
            <plural>Event Names</plural>
            <sys_class_name>sys_documentation</sys_class_name>
            <sys_created_by>admin</sys_created_by>
            <sys_created_on>2019-08-02 04:25:39</sys_created_on>
            <sys_id>ddfca9c9db833300143c9fd2ca9619e4</sys_id>
            <sys_mod_count>0</sys_mod_count>
            <sys_name>Event Name</sys_name>
            <sys_package display_value="unicorns" source="x_386573_unicorns">a8a4a90ddb033300143c9fd2ca961918</sys_package>
            <sys_policy/>
            <sys_scope display_value="unicorns">a8a4a90ddb033300143c9fd2ca961918</sys_scope>
            <sys_update_name>sys_documentation_x_386573_unicorns_event_venue_u_choice_2_en</sys_update_name>
            <sys_updated_by>admin</sys_updated_by>
            <sys_updated_on>2019-08-02 04:25:39</sys_updated_on>
            <url/>
            <url_target/>
        </sys_documentation>
    </sys_documentation>
</record_update>
