<?xml version="1.0" encoding="UTF-8"?><record_update table="sys_number">
    <sys_number action="INSERT_OR_UPDATE">
        <category display_value="" name="x_386573_unicorns_registration">x_386573_unicorns_registration</category>
        <maximum_digits>7</maximum_digits>
        <number>1000</number>
        <prefix>SYMK</prefix>
        <sys_class_name>sys_number</sys_class_name>
        <sys_created_by>admin</sys_created_by>
        <sys_created_on>2019-08-02 03:50:59</sys_created_on>
        <sys_id>f505a541db433300143c9fd2ca9619c1</sys_id>
        <sys_mod_count>0</sys_mod_count>
        <sys_name>SYMK</sys_name>
        <sys_package display_value="unicorns" source="x_386573_unicorns">a8a4a90ddb033300143c9fd2ca961918</sys_package>
        <sys_policy/>
        <sys_scope display_value="unicorns">a8a4a90ddb033300143c9fd2ca961918</sys_scope>
        <sys_update_name>sys_number_f505a541db433300143c9fd2ca9619c1</sys_update_name>
        <sys_updated_by>admin</sys_updated_by>
        <sys_updated_on>2019-08-02 03:50:59</sys_updated_on>
    </sys_number>
</record_update>
