<?xml version="1.0" encoding="UTF-8"?><record_update>
    <sys_documentation element="table_name" label="Table Name" language="en" table="var__m_sys_hub_flow_input_60524a0ddb073300143c9fd2ca96194d">
        <sys_documentation action="INSERT_OR_UPDATE">
            <element>table_name</element>
            <help/>
            <hint/>
            <label>Table Name</label>
            <language>en</language>
            <name>var__m_sys_hub_flow_input_60524a0ddb073300143c9fd2ca96194d</name>
            <plural/>
            <sys_class_name>sys_documentation</sys_class_name>
            <sys_created_by>admin</sys_created_by>
            <sys_created_on>2019-08-02 06:06:31</sys_created_on>
            <sys_id>7604c201db473300143c9fd2ca961939</sys_id>
            <sys_mod_count>0</sys_mod_count>
            <sys_name>Table Name</sys_name>
            <sys_package display_value="unicorns" source="x_386573_unicorns">a8a4a90ddb033300143c9fd2ca961918</sys_package>
            <sys_policy/>
            <sys_scope display_value="unicorns">a8a4a90ddb033300143c9fd2ca961918</sys_scope>
            <sys_update_name>sys_documentation_var__m_sys_hub_flow_input_60524a0ddb073300143c9fd2ca96194d_table_name_en</sys_update_name>
            <sys_updated_by>admin</sys_updated_by>
            <sys_updated_on>2019-08-02 06:06:31</sys_updated_on>
            <url/>
            <url_target/>
        </sys_documentation>
    </sys_documentation>
</record_update>
