<?xml version="1.0" encoding="UTF-8"?><record_update>
    <sys_choice action="INSERT_OR_UPDATE" field="u_choice_11" table="x_386573_unicorns_registration" version="3">
        <sys_choice action="INSERT_OR_UPDATE">
            <dependent_value/>
            <element>u_choice_11</element>
            <hint/>
            <inactive>false</inactive>
            <label>Pubg</label>
            <language>en</language>
            <name>x_386573_unicorns_registration</name>
            <sequence>0</sequence>
            <sys_created_by>admin</sys_created_by>
            <sys_created_on>2019-08-02 04:10:25</sys_created_on>
            <sys_domain>global</sys_domain>
            <sys_domain_path>/</sys_domain_path>
            <sys_id>16792905db833300143c9fd2ca961912</sys_id>
            <sys_mod_count>0</sys_mod_count>
            <sys_updated_by>admin</sys_updated_by>
            <sys_updated_on>2019-08-02 04:10:25</sys_updated_on>
            <value>pubg</value>
        </sys_choice>
        <sys_choice action="INSERT_OR_UPDATE">
            <dependent_value/>
            <element>u_choice_11</element>
            <hint/>
            <inactive>false</inactive>
            <label>Blur</label>
            <language>en</language>
            <name>x_386573_unicorns_registration</name>
            <sequence>1</sequence>
            <sys_created_by>admin</sys_created_by>
            <sys_created_on>2019-08-02 04:10:25</sys_created_on>
            <sys_domain>global</sys_domain>
            <sys_domain_path>/</sys_domain_path>
            <sys_id>5a792905db833300143c9fd2ca961920</sys_id>
            <sys_mod_count>0</sys_mod_count>
            <sys_updated_by>admin</sys_updated_by>
            <sys_updated_on>2019-08-02 04:10:25</sys_updated_on>
            <value>blur</value>
        </sys_choice>
        <sys_choice action="INSERT_OR_UPDATE">
            <dependent_value/>
            <element>u_choice_11</element>
            <hint/>
            <inactive>false</inactive>
            <label>Jenga</label>
            <language>en</language>
            <name>x_386573_unicorns_registration</name>
            <sequence>2</sequence>
            <sys_created_by>admin</sys_created_by>
            <sys_created_on>2019-08-02 04:10:25</sys_created_on>
            <sys_domain>global</sys_domain>
            <sys_domain_path>/</sys_domain_path>
            <sys_id>16792905db833300143c9fd2ca961922</sys_id>
            <sys_mod_count>0</sys_mod_count>
            <sys_updated_by>admin</sys_updated_by>
            <sys_updated_on>2019-08-02 04:10:25</sys_updated_on>
            <value>jenga</value>
        </sys_choice>
        <sys_choice action="INSERT_OR_UPDATE">
            <dependent_value/>
            <element>u_choice_11</element>
            <hint/>
            <inactive>false</inactive>
            <label>Hot wheels</label>
            <language>en</language>
            <name>x_386573_unicorns_registration</name>
            <sequence>3</sequence>
            <sys_created_by>admin</sys_created_by>
            <sys_created_on>2019-08-02 04:10:25</sys_created_on>
            <sys_domain>global</sys_domain>
            <sys_domain_path>/</sys_domain_path>
            <sys_id>de792905db833300143c9fd2ca961923</sys_id>
            <sys_mod_count>0</sys_mod_count>
            <sys_updated_by>admin</sys_updated_by>
            <sys_updated_on>2019-08-02 04:10:25</sys_updated_on>
            <value>hot wheels</value>
        </sys_choice>
        <sys_choice action="INSERT_OR_UPDATE">
            <dependent_value/>
            <element>u_choice_11</element>
            <hint/>
            <inactive>false</inactive>
            <label>Steady Hands</label>
            <language>en</language>
            <name>x_386573_unicorns_registration</name>
            <sequence>4</sequence>
            <sys_created_by>admin</sys_created_by>
            <sys_created_on>2019-08-02 04:10:25</sys_created_on>
            <sys_domain>global</sys_domain>
            <sys_domain_path>/</sys_domain_path>
            <sys_id>9a792905db833300143c9fd2ca961925</sys_id>
            <sys_mod_count>0</sys_mod_count>
            <sys_updated_by>admin</sys_updated_by>
            <sys_updated_on>2019-08-02 04:10:25</sys_updated_on>
            <value>steady hands</value>
        </sys_choice>
        <sys_choice action="INSERT_OR_UPDATE">
            <dependent_value/>
            <element>u_choice_11</element>
            <hint/>
            <inactive>false</inactive>
            <label>Angry Birds</label>
            <language>en</language>
            <name>x_386573_unicorns_registration</name>
            <sequence>5</sequence>
            <sys_created_by>admin</sys_created_by>
            <sys_created_on>2019-08-02 04:10:25</sys_created_on>
            <sys_domain>global</sys_domain>
            <sys_domain_path>/</sys_domain_path>
            <sys_id>56792905db833300143c9fd2ca961927</sys_id>
            <sys_mod_count>0</sys_mod_count>
            <sys_updated_by>admin</sys_updated_by>
            <sys_updated_on>2019-08-02 04:10:25</sys_updated_on>
            <value>angry birds</value>
        </sys_choice>
        <sys_choice_set action="INSERT_OR_UPDATE">
            <element>u_choice_11</element>
            <name>x_386573_unicorns_registration</name>
            <sys_class_name>sys_choice_set</sys_class_name>
            <sys_created_by>admin</sys_created_by>
            <sys_created_on>2019-08-02 04:10:25</sys_created_on>
            <sys_id>5e792905db833300143c9fd2ca961912</sys_id>
            <sys_mod_count>0</sys_mod_count>
            <sys_name>u_choice_11</sys_name>
            <sys_package display_value="unicorns" source="x_386573_unicorns">a8a4a90ddb033300143c9fd2ca961918</sys_package>
            <sys_policy/>
            <sys_scope display_value="unicorns">a8a4a90ddb033300143c9fd2ca961918</sys_scope>
            <sys_update_name>sys_choice_x_386573_unicorns_registration_u_choice_11</sys_update_name>
            <sys_updated_by>admin</sys_updated_by>
            <sys_updated_on>2019-08-02 04:10:25</sys_updated_on>
        </sys_choice_set>
    </sys_choice>
</record_update>
