<?xml version="1.0" encoding="UTF-8"?><record_update table="sys_flow_trigger_plan">
    <sys_flow_trigger_plan action="INSERT_OR_UPDATE">
        <binding_strategy>com.snc.process_flow.engine.binding.OncePerRecord</binding_strategy>
        <plan>{"persistor":{"@class":".ChunkingPlanPersistor","table":"sys_flow_trigger_plan","id":"5d148601db473300143c9fd2ca9619bd","name":"plan"}}</plan>
        <plan_id>60524a0ddb073300143c9fd2ca96194d</plan_id>
        <snapshot>09144601db473300143c9fd2ca9619a9</snapshot>
        <sys_class_name>sys_flow_trigger_plan</sys_class_name>
        <sys_created_by>admin</sys_created_by>
        <sys_created_on>2019-08-02 06:06:41</sys_created_on>
        <sys_id>5d148601db473300143c9fd2ca9619bd</sys_id>
        <sys_mod_count>4</sys_mod_count>
        <sys_name>d9148601db473300143c9fd2ca9619bb</sys_name>
        <sys_package display_value="unicorns" source="x_386573_unicorns">a8a4a90ddb033300143c9fd2ca961918</sys_package>
        <sys_policy/>
        <sys_scope display_value="unicorns">a8a4a90ddb033300143c9fd2ca961918</sys_scope>
        <sys_update_name>sys_flow_trigger_plan_5d148601db473300143c9fd2ca9619bd</sys_update_name>
        <sys_updated_by>admin</sys_updated_by>
        <sys_updated_on>2019-08-02 10:25:07</sys_updated_on>
        <trigger display_value="">d9148601db473300143c9fd2ca9619bb</trigger>
    </sys_flow_trigger_plan>
</record_update>
