<?xml version="1.0" encoding="UTF-8"?><record_update>
    <sys_documentation element="u_choice_11" label="Gaming" language="en" table="x_386573_unicorns_registration">
        <sys_documentation action="INSERT_OR_UPDATE">
            <element>u_choice_11</element>
            <help/>
            <hint>Many Exciting Games ,You Can Participate and Have  Fun.</hint>
            <label>Gaming</label>
            <language>en</language>
            <name>x_386573_unicorns_registration</name>
            <plural>Gamings</plural>
            <sys_class_name>sys_documentation</sys_class_name>
            <sys_created_by>admin</sys_created_by>
            <sys_created_on>2019-08-02 04:10:24</sys_created_on>
            <sys_id>ce79e505db833300143c9fd2ca961998</sys_id>
            <sys_mod_count>1</sys_mod_count>
            <sys_name>Gaming</sys_name>
            <sys_package display_value="unicorns" source="x_386573_unicorns">a8a4a90ddb033300143c9fd2ca961918</sys_package>
            <sys_policy/>
            <sys_scope display_value="unicorns">a8a4a90ddb033300143c9fd2ca961918</sys_scope>
            <sys_update_name>sys_documentation_x_386573_unicorns_registration_u_choice_11_en</sys_update_name>
            <sys_updated_by>admin</sys_updated_by>
            <sys_updated_on>2019-08-02 09:13:48</sys_updated_on>
            <url/>
            <url_target/>
        </sys_documentation>
    </sys_documentation>
</record_update>
