<?xml version="1.0" encoding="UTF-8"?><record_update table="sys_hub_action_instance">
    <sys_hub_action_instance action="INSERT_OR_UPDATE">
        <action_inputs/>
        <action_type display_value="Send Email">716281160b100300d97d8bf637673ac7</action_type>
        <action_type_parent display_value="Send Email">98c181d20b100300d97d8bf637673ab5</action_type_parent>
        <comment/>
        <compiled_snapshot>716281160b100300d97d8bf637673ac7</compiled_snapshot>
        <display_text/>
        <flow display_value="klu_flow">38cbca85db873300143c9fd2ca9619b9</flow>
        <order>1.2.1</order>
        <parent_ui_id>edcd4dcf-baf5-4e9d-a4ef-698f2f81ddde</parent_ui_id>
        <sys_class_name>sys_hub_action_instance</sys_class_name>
        <sys_created_by>admin</sys_created_by>
        <sys_created_on>2019-08-02 06:40:15</sys_created_on>
        <sys_id>81cb0e85db873300143c9fd2ca96194c</sys_id>
        <sys_mod_count>18</sys_mod_count>
        <sys_name/>
        <sys_package display_value="unicorns" source="x_386573_unicorns">a8a4a90ddb033300143c9fd2ca961918</sys_package>
        <sys_policy/>
        <sys_scope display_value="unicorns">a8a4a90ddb033300143c9fd2ca961918</sys_scope>
        <sys_update_name>sys_hub_action_instance_81cb0e85db873300143c9fd2ca96194c</sys_update_name>
        <sys_updated_by>admin</sys_updated_by>
        <sys_updated_on>2019-08-02 08:00:55</sys_updated_on>
        <ui_id>b7c84ced-806e-4c06-8f03-5c646f2a1d4e</ui_id>
    </sys_hub_action_instance>
    <sys_variable_value action="delete_multiple" query="document_key=81cb0e85db873300143c9fd2ca96194c"/>
    <sys_variable_value action="INSERT_OR_UPDATE">
        <document>sys_hub_action_instance</document>
        <document_key>81cb0e85db873300143c9fd2ca96194c</document_key>
        <order>3</order>
        <sys_class_name>sys_variable_value</sys_class_name>
        <sys_created_by>admin</sys_created_by>
        <sys_created_on>2019-08-02 06:40:15</sys_created_on>
        <sys_id>41cb0e85db873300143c9fd2ca961952</sys_id>
        <sys_mod_count>0</sys_mod_count>
        <sys_updated_by>admin</sys_updated_by>
        <sys_updated_on>2019-08-02 06:40:15</sys_updated_on>
        <value>THANKS FOR BEING A PART OF SAMYAK</value>
        <variable display_value="">0a62c1160b100300d97d8bf637673a05</variable>
    </sys_variable_value>
    <sys_variable_value action="INSERT_OR_UPDATE">
        <document>sys_hub_action_instance</document>
        <document_key>81cb0e85db873300143c9fd2ca96194c</document_key>
        <order>4</order>
        <sys_class_name>sys_variable_value</sys_class_name>
        <sys_created_by>admin</sys_created_by>
        <sys_created_on>2019-08-02 06:40:15</sys_created_on>
        <sys_id>8dcb0e85db873300143c9fd2ca961951</sys_id>
        <sys_mod_count>0</sys_mod_count>
        <sys_updated_by>admin</sys_updated_by>
        <sys_updated_on>2019-08-02 06:40:15</sys_updated_on>
        <value>&lt;p&gt;&lt;a title="" href="https://drive.google.com/open?id&amp;#61;1tVFxL25kPKHX3Q5doF8jILOqeSgnNQF8" target="_blank" rel="noopener noreferrer nofollow"&gt;https://drive.google.com/open?id&amp;#61;1tVFxL25kPKHX3Q5doF8jILOqeSgnNQF8&lt;/a&gt;&lt;/p&gt;
&lt;p&gt;CLICK THE ABOVE LINK TO GET YOUR CERTIFICATE&lt;/p&gt;</value>
        <variable display_value="">4e62c1160b100300d97d8bf637673a10</variable>
    </sys_variable_value>
    <sys_variable_value action="INSERT_OR_UPDATE">
        <document>sys_hub_action_instance</document>
        <document_key>81cb0e85db873300143c9fd2ca96194c</document_key>
        <order>0</order>
        <sys_class_name>sys_variable_value</sys_class_name>
        <sys_created_by>admin</sys_created_by>
        <sys_created_on>2019-08-02 06:40:15</sys_created_on>
        <sys_id>c9cb0e85db873300143c9fd2ca961951</sys_id>
        <sys_mod_count>0</sys_mod_count>
        <sys_updated_by>admin</sys_updated_by>
        <sys_updated_on>2019-08-02 06:40:15</sys_updated_on>
        <value>160040081@kluniversity.in</value>
        <variable display_value="">ce6281160b100300d97d8bf637673ac9</variable>
    </sys_variable_value>
</record_update>
