<?xml version="1.0" encoding="UTF-8"?><record_update table="sys_flow_cat_variable_model">
    <sys_flow_cat_variable_model action="INSERT_OR_UPDATE">
        <id>38cbca85db873300143c9fd2ca9619b9</id>
        <name>klu_flow</name>
        <sys_class_name>sys_flow_cat_variable_model</sys_class_name>
        <sys_created_by>admin</sys_created_by>
        <sys_created_on>2019-08-02 06:40:14</sys_created_on>
        <sys_id>34cbca85db873300143c9fd2ca9619ba</sys_id>
        <sys_mod_count>0</sys_mod_count>
        <sys_name>klu_flow</sys_name>
        <sys_package display_value="unicorns" source="x_386573_unicorns">a8a4a90ddb033300143c9fd2ca961918</sys_package>
        <sys_policy/>
        <sys_scope display_value="unicorns">a8a4a90ddb033300143c9fd2ca961918</sys_scope>
        <sys_update_name>sys_flow_cat_variable_model_34cbca85db873300143c9fd2ca9619ba</sys_update_name>
        <sys_updated_by>admin</sys_updated_by>
        <sys_updated_on>2019-08-02 06:40:14</sys_updated_on>
    </sys_flow_cat_variable_model>
</record_update>
