<?xml version="1.0" encoding="UTF-8"?><record_update table="sys_hub_action_instance">
    <sys_hub_action_instance action="INSERT_OR_UPDATE">
        <action_inputs/>
        <action_type display_value="Send Email">716281160b100300d97d8bf637673ac7</action_type>
        <action_type_parent display_value="Send Email">98c181d20b100300d97d8bf637673ab5</action_type_parent>
        <comment/>
        <compiled_snapshot>716281160b100300d97d8bf637673ac7</compiled_snapshot>
        <display_text/>
        <flow display_value="certificate_flow">09144601db473300143c9fd2ca9619a9</flow>
        <order>1.2.1</order>
        <parent_ui_id>bb0bb2d8-8fe7-4490-a723-2d91d51295f9</parent_ui_id>
        <sys_class_name>sys_hub_action_instance</sys_class_name>
        <sys_created_by>admin</sys_created_by>
        <sys_created_on>2019-08-02 06:06:40</sys_created_on>
        <sys_id>55148601db473300143c9fd2ca96195e</sys_id>
        <sys_mod_count>26</sys_mod_count>
        <sys_name/>
        <sys_package display_value="unicorns" source="x_386573_unicorns">a8a4a90ddb033300143c9fd2ca961918</sys_package>
        <sys_policy/>
        <sys_scope display_value="unicorns">a8a4a90ddb033300143c9fd2ca961918</sys_scope>
        <sys_update_name>sys_hub_action_instance_55148601db473300143c9fd2ca96195e</sys_update_name>
        <sys_updated_by>admin</sys_updated_by>
        <sys_updated_on>2019-08-02 10:25:06</sys_updated_on>
        <ui_id>3b0d8051-bd8e-48d2-93dd-d5a2ddc78c1b</ui_id>
    </sys_hub_action_instance>
    <sys_variable_value action="delete_multiple" query="document_key=55148601db473300143c9fd2ca96195e"/>
    <sys_variable_value action="INSERT_OR_UPDATE">
        <document>sys_hub_action_instance</document>
        <document_key>55148601db473300143c9fd2ca96195e</document_key>
        <order>4</order>
        <sys_class_name>sys_variable_value</sys_class_name>
        <sys_created_by>admin</sys_created_by>
        <sys_created_on>2019-08-02 06:06:40</sys_created_on>
        <sys_id>15148601db473300143c9fd2ca961964</sys_id>
        <sys_mod_count>0</sys_mod_count>
        <sys_updated_by>admin</sys_updated_by>
        <sys_updated_on>2019-08-02 06:06:40</sys_updated_on>
        <value>&lt;p&gt;&lt;a title="" href="https://drive.google.com/open?id&amp;#61;1tVFxL25kPKHX3Q5doF8jILOqeSgnNQF8" target="_blank" rel="noopener noreferrer nofollow"&gt;https://drive.google.com/open?id&amp;#61;1tVFxL25kPKHX3Q5doF8jILOqeSgnNQF8&lt;/a&gt;&lt;/p&gt;
&lt;p&gt;CLICK THE ABOVE LINK TO GET YOUR E-CERTIFICATE.&lt;/p&gt;
&lt;p&gt;THANK YOU.&lt;/p&gt;</value>
        <variable display_value="">4e62c1160b100300d97d8bf637673a10</variable>
    </sys_variable_value>
    <sys_variable_value action="INSERT_OR_UPDATE">
        <document>sys_hub_action_instance</document>
        <document_key>55148601db473300143c9fd2ca96195e</document_key>
        <order>0</order>
        <sys_class_name>sys_variable_value</sys_class_name>
        <sys_created_by>admin</sys_created_by>
        <sys_created_on>2019-08-02 06:06:40</sys_created_on>
        <sys_id>51148601db473300143c9fd2ca961964</sys_id>
        <sys_mod_count>1</sys_mod_count>
        <sys_updated_by>admin</sys_updated_by>
        <sys_updated_on>2019-08-02 06:40:04</sys_updated_on>
        <value>160040081@kluniversity.in</value>
        <variable display_value="">ce6281160b100300d97d8bf637673ac9</variable>
    </sys_variable_value>
    <sys_variable_value action="INSERT_OR_UPDATE">
        <document>sys_hub_action_instance</document>
        <document_key>55148601db473300143c9fd2ca96195e</document_key>
        <order>1</order>
        <sys_class_name>sys_variable_value</sys_class_name>
        <sys_created_by>admin</sys_created_by>
        <sys_created_on>2019-08-02 06:06:40</sys_created_on>
        <sys_id>99148601db473300143c9fd2ca961964</sys_id>
        <sys_mod_count>1</sys_mod_count>
        <sys_updated_by>admin</sys_updated_by>
        <sys_updated_on>2019-08-02 06:40:04</sys_updated_on>
        <value/>
        <variable display_value="">8e6281160b100300d97d8bf637673aee</variable>
    </sys_variable_value>
    <sys_variable_value action="INSERT_OR_UPDATE">
        <document>sys_hub_action_instance</document>
        <document_key>55148601db473300143c9fd2ca96195e</document_key>
        <order>3</order>
        <sys_class_name>sys_variable_value</sys_class_name>
        <sys_created_by>admin</sys_created_by>
        <sys_created_on>2019-08-02 06:06:40</sys_created_on>
        <sys_id>d5148601db473300143c9fd2ca961964</sys_id>
        <sys_mod_count>0</sys_mod_count>
        <sys_updated_by>admin</sys_updated_by>
        <sys_updated_on>2019-08-02 06:06:40</sys_updated_on>
        <value>THANKS FOR BEING A PART OF SAMYAK</value>
        <variable display_value="">0a62c1160b100300d97d8bf637673a05</variable>
    </sys_variable_value>
</record_update>
