<?xml version="1.0" encoding="UTF-8"?><record_update sys_domain="global" table="sys_script_client">
    <sys_script_client action="INSERT_OR_UPDATE">
        <active>true</active>
        <applies_extended>false</applies_extended>
        <condition/>
        <description/>
        <field>u_boolean_13</field>
        <global>true</global>
        <isolate_script>true</isolate_script>
        <messages/>
        <name>Registration Payment </name>
        <order/>
        <script><![CDATA[function onChange(control, oldValue, newValue, isLoading, isTemplate) {
   if (isLoading || newValue === '') {
      return;
   }
	var z=g_form.getValue('u_boolean_2');
	var z1=g_form.getValue('u_boolean_3');
	var z2=g_form.getValue('u_boolean_4');
	var z3=g_form.getValue('u_choice_9');
	var z4=g_form.getValue('u_choice_10');
	var z5=g_form.getValue('u_boolean_13');
	if(z=='false' && z1=='false' && z2=='false' && z3=='none'&& z4=='none' && z5=='false')
		{
			g_form.addErrorMessage('You should register for atleast one event');
		}
	else if(z=='false' && z1=='false' && z2=='false' && z3=='none'&& z4=='none' && z5=='true')
		{
			g_form.setValue('u_integer_15','500');
		}
	else if(z=='false' && z1=='false' && z2=='false' && z3=='none'&& z4!='none' && z5=='false')
		{
			g_form.setValue('u_integer_15','600');
		}
	else if(z=='false' && z1=='false' && z2=='false' && z3=='none'&& z4!='none' && z5=='true')
		{
			g_form.setValue('u_integer_15','950');
		}
	else if(z=='false' && z1=='false' && z2=='false' && z3!='none'&& z4=='none' && z5=='false')
		{
			g_form.setValue('u_integer_15','500');
		}
	else if(z=='false' && z1=='false' && z2=='false' && z3!='none'&& z4=='none' && z5=='true')
		{
			g_form.setValue('u_integer_15','850');
		}
	else if(z=='false' && z1=='false' && z2=='false' && z3!='none'&& z4!='none' && z5=='false')
		{
			g_form.setValue('u_integer_15','1100');
		}
	else if(z=='false' && z1=='false' && z2=='false' && z3!='none'&& z4!='none' && z5=='true')
		{
			g_form.setValue('u_integer_15','1450');
		}
	else if(z=='false' && z1=='false' && z2=='true' && z3=='none'&& z4=='none' && z5=='false')
		{
			g_form.setValue('u_integer_15','200');
		}
	else if(z=='false' && z1=='false' && z2=='true' && z3=='none'&& z4=='none' && z5=='true')
		{
			g_form.setValue('u_integer_15','550');
		}
	else if(z=='false' && z1=='false' && z2=='true' && z3=='none'&& z4!='none' && z5=='false')
		{
			g_form.setValue('u_integer_15','800');
		}
	else if(z=='false' && z1=='false' && z2=='true' && z3=='none'&& z4!='none' && z5=='true')
		{
			g_form.setValue('u_integer_15','1150');
		}
	else if(z=='false' && z1=='false' && z2=='true' && z3!='none'&& z4=='none' && z5=='false')
		{
			g_form.setValue('u_integer_15','700');
		}
	else if(z=='false' && z1=='false' && z2=='true' && z3!='none'&& z4=='none' && z5=='true')
		{
			g_form.setValue('u_integer_15','1050');
		}
	else if(z=='false' && z1=='false' && z2=='true' && z3!='none'&& z4!='none' && z5=='false')
		{
			g_form.setValue('u_integer_15','1300');
		}
	else if(z=='false' && z1=='false' && z2=='true' && z3!='none'&& z4!='none' && z5=='true')
		{
			g_form.setValue('u_integer_15','1650');
		}
	else if(z=='false' && z1=='true' && z2=='false' && z3=='none'&& z4=='none' && z5=='false')
		{
			g_form.setValue('u_integer_15','300');
		}
	else if(z=='false' && z1=='true' && z2=='false' && z3=='none'&& z4=='none' && z5=='true')
		{
			g_form.setValue('u_integer_15','650');
		}
	else if(z=='false' && z1=='true' && z2=='false' && z3=='none'&& z4!='none' && z5=='false')
		{
			g_form.setValue('u_integer_15','900');
		}
	else if(z=='false' && z1=='true' && z2=='false' && z3=='none'&& z4!='none' && z5=='true')
		{
			g_form.setValue('u_integer_15','1250');
		}
	else if(z=='false' && z1=='true' && z2=='false' && z3!='none'&& z4=='none' && z5=='false')
		{
			g_form.setValue('u_integer_15','800');
		}
	else if(z=='false' && z1=='true' && z2=='false' && z3!='none'&& z4=='none' && z5=='true')
		{
			g_form.setValue('u_integer_15','1150');
		}
	else if(z=='false' && z1=='true' && z2=='false' && z3!='none'&& z4!='none' && z5=='false')
		{
			g_form.setValue('u_integer_15','1400');
		}
	else if(z=='false' && z1=='true' && z2=='false' && z3!='none'&& z4!='none' && z5=='true')
		{
			g_form.setValue('u_integer_15','1750');
		}
	else if(z=='false' && z1=='true' && z2=='true' && z3=='none'&& z4=='none' && z5=='false')
		{
			g_form.setValue('u_integer_15','500');
		}
	else if(z=='false' && z1=='true' && z2=='true' && z3=='none'&& z4=='none' && z5=='true')
		{
			g_form.setValue('u_integer_15','850');
		}
	else if(z=='false' && z1=='true' && z2=='true' && z3=='none'&& z4!='none' && z5=='false')
		{
			g_form.setValue('u_integer_15','1100');
		}
	else if(z=='false' && z1=='true' && z2=='true' && z3=='none'&& z4!='none' && z5=='true')
		{
			g_form.setValue('u_integer_15','1450');
		}
	else if(z=='false' && z1=='true' && z2=='true' && z3!='none'&& z4=='none' && z5=='false')
		{
			g_form.setValue('u_integer_15','1000');
		}
	else if(z=='false' && z1=='true' && z2=='true' && z3!='none'&& z4=='none' && z5=='true')
		{
			g_form.setValue('u_integer_15','1350');
		}
	else if(z=='false' && z1=='true' && z2=='true' && z3!='none'&& z4!='none' && z5=='false')
		{
			g_form.setValue('u_integer_15','1600');
		}
	else if(z=='false' && z1=='true' && z2=='true' && z3!='none'&& z4!='none' && z5=='true')
		{
			g_form.setValue('u_integer_15','1950');
		}
	else if(z=='true' && z1=='false' && z2=='false' && z3=='none'&& z4=='none' && z5=='false')
		{
			g_form.setValue('u_integer_15','250');
		}
	else if(z=='true' && z1=='false' && z2=='false' && z3=='none'&& z4=='none' && z5=='true')
		{
			g_form.setValue('u_integer_15','600');
		}
	else if(z=='true' && z1=='false' && z2=='false' && z3=='none'&& z4!='none' && z5=='false')
		{
			g_form.setValue('u_integer_15','850');
		}
	else if(z=='true' && z1=='false' && z2=='false' && z3=='none'&& z4!='none' && z5=='true')
		{
			g_form.setValue('u_integer_15','1200');
		}
	else if(z=='true' && z1=='false' && z2=='false' && z3!='none'&& z4=='none' && z5=='false')
		{
			g_form.setValue('u_integer_15','750');
		}
	else if(z=='true' && z1=='false' && z2=='false' && z3!='none'&& z4=='none' && z5=='true')
		{
			g_form.setValue('u_integer_15','1100');
		}
	else if(z=='true' && z1=='false' && z2=='false' && z3!='none'&& z4!='none' && z5=='false')
		{
			g_form.setValue('u_integer_15','1350');
		}
	else if(z=='true' && z1=='false' && z2=='false' && z3!='none'&& z4!='none' && z5=='true')
		{
			g_form.setValue('u_integer_15','1700');
		}
	else if(z=='true' && z1=='false' && z2=='true' && z3=='none'&& z4=='none' && z5=='false')
		{
			g_form.setValue('u_integer_15','450');
		}
	else if(z=='true' && z1=='false' && z2=='true' && z3=='none'&& z4=='none' && z5=='true')
		{
			g_form.setValue('u_integer_15','800');
		}
	else if(z=='true' && z1=='false' && z2=='true' && z3=='none'&& z4!='none' && z5=='false')
		{
			g_form.setValue('u_integer_15','1050');
		}
	else if(z=='true' && z1=='false' && z2=='true' && z3=='none'&& z4!='none' && z5=='true')
		{
			g_form.setValue('u_integer_15','1400');
		}
	else if(z=='true' && z1=='false' && z2=='true' && z3!='none'&& z4=='none' && z5=='false')
		{
			g_form.setValue('u_integer_15','950');
		}
	else if(z=='true' && z1=='false' && z2=='true' && z3!='none'&& z4=='none' && z5=='true')
		{
			g_form.setValue('u_integer_15','1300');
		}
	else if(z=='true' && z1=='false' && z2=='true' && z3!='none'&& z4!='none' && z5=='false')
		{
			g_form.setValue('u_integer_15','1550');
		}
	else if(z=='true' && z1=='false' && z2=='true' && z3!='none'&& z4!='none' && z5=='true')
		{
			g_form.setValue('u_integer_15','1900');
		}
	else if(z=='true' && z1=='true' && z2=='false' && z3=='none'&& z4=='none' && z5=='false')
		{
			g_form.setValue('u_integer_15','550');
		}
	else if(z=='true' && z1=='true' && z2=='false' && z3=='none'&& z4=='none' && z5=='true')
		{
			g_form.setValue('u_integer_15','900');
		}
	else if(z=='true' && z1=='true' && z2=='false' && z3=='none'&& z4!='none' && z5=='false')
		{
			g_form.setValue('u_integer_15','1150');
		}
	else if(z=='true' && z1=='true' && z2=='false' && z3=='none'&& z4!='none' && z5=='true')
		{
			g_form.setValue('u_integer_15','1500');
		}
	else if(z=='true' && z1=='true' && z2=='false' && z3!='none'&& z4=='none' && z5=='false')
		{
			g_form.setValue('u_integer_15','1050');
		}
	else if(z=='true' && z1=='true' && z2=='false' && z3!='none'&& z4=='none' && z5=='true')
		{
			g_form.setValue('u_integer_15','1400');
		}
	else if(z=='true' && z1=='true' && z2=='false' && z3!='none'&& z4!='none' && z5=='false')
		{
			g_form.setValue('u_integer_15','1650');
		}
	else if(z=='true' && z1=='true' && z2=='false' && z3!='none'&& z4!='none' && z5=='true')
		{
			g_form.setValue('u_integer_15','2000');
		}
	else if(z=='true' && z1=='true' && z2=='true' && z3=='none'&& z4=='none' && z5=='false')
		{
			g_form.setValue('u_integer_15','750');
		}
	else if(z=='true' && z1=='true' && z2=='true' && z3=='none'&& z4=='none' && z5=='true')
		{
			g_form.setValue('u_integer_15','1100');
		}
	else if(z=='true' && z1=='true' && z2=='true' && z3=='none'&& z4!='none' && z5=='false')
		{
			g_form.setValue('u_integer_15','1350');
		}
	else if(z=='true' && z1=='true' && z2=='true' && z3=='none'&& z4!='none' && z5=='true')
		{
			g_form.setValue('u_integer_15','1700');
		}
	else if(z=='true' && z1=='true' && z2=='true' && z3!='none'&& z4=='none' && z5=='false')
		{
			g_form.setValue('u_integer_15','1250');
		}
	else if(z=='true' && z1=='true' && z2=='true' && z3!='none'&& z4=='none' && z5=='true')
		{
			g_form.setValue('u_integer_15','1600');
		}
	else if(z=='true' && z1=='true' && z2=='true' && z3!='none'&& z4!='none' && z5=='false')
		{
			g_form.setValue('u_integer_15','1850');
		}
	else if(z=='true' && z1=='true' && z2=='true' && z3!='none'&& z4!='none' && z5=='true')
		{
			g_form.setValue('u_integer_15','2200');
		}
	
	
	
	
	
	

   //Type appropriate comment here, and begin script below
   
}]]></script>
        <sys_class_name>sys_script_client</sys_class_name>
        <sys_created_by>admin</sys_created_by>
        <sys_created_on>2019-08-02 05:03:24</sys_created_on>
        <sys_domain>global</sys_domain>
        <sys_domain_path>/</sys_domain_path>
        <sys_id>f31fed8ddb833300143c9fd2ca961965</sys_id>
        <sys_mod_count>1</sys_mod_count>
        <sys_name>Registration Payment </sys_name>
        <sys_overrides/>
        <sys_package display_value="unicorns" source="x_386573_unicorns">a8a4a90ddb033300143c9fd2ca961918</sys_package>
        <sys_policy/>
        <sys_scope display_value="unicorns">a8a4a90ddb033300143c9fd2ca961918</sys_scope>
        <sys_update_name>sys_script_client_f31fed8ddb833300143c9fd2ca961965</sys_update_name>
        <sys_updated_by>admin</sys_updated_by>
        <sys_updated_on>2019-08-02 05:13:12</sys_updated_on>
        <table>x_386573_unicorns_registration</table>
        <type>onChange</type>
        <ui_type>10</ui_type>
        <view/>
    </sys_script_client>
</record_update>
