<?xml version="1.0" encoding="UTF-8"?><record_update table="sys_hub_action_instance">
    <sys_hub_action_instance action="INSERT_OR_UPDATE">
        <action_inputs/>
        <action_type display_value="Send Email">716281160b100300d97d8bf637673ac7</action_type>
        <action_type_parent display_value="Send Email">98c181d20b100300d97d8bf637673ab5</action_type_parent>
        <comment/>
        <compiled_snapshot>716281160b100300d97d8bf637673ac7</compiled_snapshot>
        <display_text/>
        <flow display_value="certificate_flow">09144601db473300143c9fd2ca9619a9</flow>
        <order>1.3.1</order>
        <parent_ui_id>9399b226-0058-4e3c-9bd1-1d20224e379e</parent_ui_id>
        <sys_class_name>sys_hub_action_instance</sys_class_name>
        <sys_created_by>admin</sys_created_by>
        <sys_created_on>2019-08-02 06:06:40</sys_created_on>
        <sys_id>91148601db473300143c9fd2ca961968</sys_id>
        <sys_mod_count>26</sys_mod_count>
        <sys_name/>
        <sys_package display_value="unicorns" source="x_386573_unicorns">a8a4a90ddb033300143c9fd2ca961918</sys_package>
        <sys_policy/>
        <sys_scope display_value="unicorns">a8a4a90ddb033300143c9fd2ca961918</sys_scope>
        <sys_update_name>sys_hub_action_instance_91148601db473300143c9fd2ca961968</sys_update_name>
        <sys_updated_by>admin</sys_updated_by>
        <sys_updated_on>2019-08-02 10:25:06</sys_updated_on>
        <ui_id>f443fb49-3ef0-424d-a1c5-f442f85ed8dc</ui_id>
    </sys_hub_action_instance>
    <sys_variable_value action="delete_multiple" query="document_key=91148601db473300143c9fd2ca961968"/>
    <sys_variable_value action="INSERT_OR_UPDATE">
        <document>sys_hub_action_instance</document>
        <document_key>91148601db473300143c9fd2ca961968</document_key>
        <order>0</order>
        <sys_class_name>sys_variable_value</sys_class_name>
        <sys_created_by>admin</sys_created_by>
        <sys_created_on>2019-08-02 06:06:40</sys_created_on>
        <sys_id>1d148601db473300143c9fd2ca96196d</sys_id>
        <sys_mod_count>1</sys_mod_count>
        <sys_updated_by>admin</sys_updated_by>
        <sys_updated_on>2019-08-02 06:40:04</sys_updated_on>
        <value>160040081@kluniversity.in</value>
        <variable display_value="">ce6281160b100300d97d8bf637673ac9</variable>
    </sys_variable_value>
    <sys_variable_value action="INSERT_OR_UPDATE">
        <document>sys_hub_action_instance</document>
        <document_key>91148601db473300143c9fd2ca961968</document_key>
        <order>1</order>
        <sys_class_name>sys_variable_value</sys_class_name>
        <sys_created_by>admin</sys_created_by>
        <sys_created_on>2019-08-02 06:06:40</sys_created_on>
        <sys_id>55148601db473300143c9fd2ca96196e</sys_id>
        <sys_mod_count>1</sys_mod_count>
        <sys_updated_by>admin</sys_updated_by>
        <sys_updated_on>2019-08-02 06:40:04</sys_updated_on>
        <value/>
        <variable display_value="">8e6281160b100300d97d8bf637673aee</variable>
    </sys_variable_value>
    <sys_variable_value action="INSERT_OR_UPDATE">
        <document>sys_hub_action_instance</document>
        <document_key>91148601db473300143c9fd2ca961968</document_key>
        <order>3</order>
        <sys_class_name>sys_variable_value</sys_class_name>
        <sys_created_by>admin</sys_created_by>
        <sys_created_on>2019-08-02 06:06:40</sys_created_on>
        <sys_id>91148601db473300143c9fd2ca96196e</sys_id>
        <sys_mod_count>0</sys_mod_count>
        <sys_updated_by>admin</sys_updated_by>
        <sys_updated_on>2019-08-02 06:06:40</sys_updated_on>
        <value>ABSENT FOR THE FEST</value>
        <variable display_value="">0a62c1160b100300d97d8bf637673a05</variable>
    </sys_variable_value>
    <sys_variable_value action="INSERT_OR_UPDATE">
        <document>sys_hub_action_instance</document>
        <document_key>91148601db473300143c9fd2ca961968</document_key>
        <order>4</order>
        <sys_class_name>sys_variable_value</sys_class_name>
        <sys_created_by>admin</sys_created_by>
        <sys_created_on>2019-08-02 06:06:40</sys_created_on>
        <sys_id>dd148601db473300143c9fd2ca96196d</sys_id>
        <sys_mod_count>0</sys_mod_count>
        <sys_updated_by>admin</sys_updated_by>
        <sys_updated_on>2019-08-02 06:06:40</sys_updated_on>
        <value>&lt;p&gt;WE ARE UNABLE TO PROVIDE THE CERTIFICATE, AS YOU ARE ABSENT FOR SAMYAK.&lt;/p&gt;
&lt;p&gt;THANK YOU&lt;/p&gt;</value>
        <variable display_value="">4e62c1160b100300d97d8bf637673a10</variable>
    </sys_variable_value>
</record_update>
