<?xml version="1.0" encoding="UTF-8"?><record_update>
    <sys_choice action="INSERT_OR_UPDATE" field="u_choice_5" table="x_386573_unicorns_accommodation" version="3">
        <sys_choice action="INSERT_OR_UPDATE">
            <dependent_value/>
            <element>u_choice_5</element>
            <hint/>
            <inactive>false</inactive>
            <label>G-101</label>
            <language>en</language>
            <name>x_386573_unicorns_accommodation</name>
            <sequence>0</sequence>
            <sys_created_by>admin</sys_created_by>
            <sys_created_on>2019-08-02 04:00:45</sys_created_on>
            <sys_domain>global</sys_domain>
            <sys_domain_path>/</sys_domain_path>
            <sys_id>3c47258ddb433300143c9fd2ca9619e1</sys_id>
            <sys_mod_count>0</sys_mod_count>
            <sys_updated_by>admin</sys_updated_by>
            <sys_updated_on>2019-08-02 04:00:45</sys_updated_on>
            <value>g-101</value>
        </sys_choice>
        <sys_choice action="INSERT_OR_UPDATE">
            <dependent_value/>
            <element>u_choice_5</element>
            <hint/>
            <inactive>false</inactive>
            <label>G-102</label>
            <language>en</language>
            <name>x_386573_unicorns_accommodation</name>
            <sequence>1</sequence>
            <sys_created_by>admin</sys_created_by>
            <sys_created_on>2019-08-02 04:00:45</sys_created_on>
            <sys_domain>global</sys_domain>
            <sys_domain_path>/</sys_domain_path>
            <sys_id>7c47258ddb433300143c9fd2ca9619e2</sys_id>
            <sys_mod_count>0</sys_mod_count>
            <sys_updated_by>admin</sys_updated_by>
            <sys_updated_on>2019-08-02 04:00:45</sys_updated_on>
            <value>g-102</value>
        </sys_choice>
        <sys_choice action="INSERT_OR_UPDATE">
            <dependent_value/>
            <element>u_choice_5</element>
            <hint/>
            <inactive>false</inactive>
            <label>G-103</label>
            <language>en</language>
            <name>x_386573_unicorns_accommodation</name>
            <sequence>2</sequence>
            <sys_created_by>admin</sys_created_by>
            <sys_created_on>2019-08-02 04:00:45</sys_created_on>
            <sys_domain>global</sys_domain>
            <sys_domain_path>/</sys_domain_path>
            <sys_id>f847258ddb433300143c9fd2ca9619e3</sys_id>
            <sys_mod_count>0</sys_mod_count>
            <sys_updated_by>admin</sys_updated_by>
            <sys_updated_on>2019-08-02 04:00:45</sys_updated_on>
            <value>g-103</value>
        </sys_choice>
        <sys_choice action="INSERT_OR_UPDATE">
            <dependent_value/>
            <element>u_choice_5</element>
            <hint/>
            <inactive>false</inactive>
            <label>G-104</label>
            <language>en</language>
            <name>x_386573_unicorns_accommodation</name>
            <sequence>3</sequence>
            <sys_created_by>admin</sys_created_by>
            <sys_created_on>2019-08-02 04:00:45</sys_created_on>
            <sys_domain>global</sys_domain>
            <sys_domain_path>/</sys_domain_path>
            <sys_id>7847258ddb433300143c9fd2ca9619e4</sys_id>
            <sys_mod_count>0</sys_mod_count>
            <sys_updated_by>admin</sys_updated_by>
            <sys_updated_on>2019-08-02 04:00:45</sys_updated_on>
            <value>g-104</value>
        </sys_choice>
        <sys_choice action="INSERT_OR_UPDATE">
            <dependent_value/>
            <element>u_choice_5</element>
            <hint/>
            <inactive>false</inactive>
            <label>G-105</label>
            <language>en</language>
            <name>x_386573_unicorns_accommodation</name>
            <sequence>4</sequence>
            <sys_created_by>admin</sys_created_by>
            <sys_created_on>2019-08-02 04:00:45</sys_created_on>
            <sys_domain>global</sys_domain>
            <sys_domain_path>/</sys_domain_path>
            <sys_id>f447258ddb433300143c9fd2ca9619e5</sys_id>
            <sys_mod_count>0</sys_mod_count>
            <sys_updated_by>admin</sys_updated_by>
            <sys_updated_on>2019-08-02 04:00:45</sys_updated_on>
            <value>g-105</value>
        </sys_choice>
        <sys_choice action="INSERT_OR_UPDATE">
            <dependent_value/>
            <element>u_choice_5</element>
            <hint/>
            <inactive>false</inactive>
            <label>G-106</label>
            <language>en</language>
            <name>x_386573_unicorns_accommodation</name>
            <sequence>5</sequence>
            <sys_created_by>admin</sys_created_by>
            <sys_created_on>2019-08-02 04:00:45</sys_created_on>
            <sys_domain>global</sys_domain>
            <sys_domain_path>/</sys_domain_path>
            <sys_id>7447258ddb433300143c9fd2ca9619e6</sys_id>
            <sys_mod_count>0</sys_mod_count>
            <sys_updated_by>admin</sys_updated_by>
            <sys_updated_on>2019-08-02 04:00:45</sys_updated_on>
            <value>g-106</value>
        </sys_choice>
        <sys_choice action="INSERT_OR_UPDATE">
            <dependent_value/>
            <element>u_choice_5</element>
            <hint/>
            <inactive>false</inactive>
            <label>G-107</label>
            <language>en</language>
            <name>x_386573_unicorns_accommodation</name>
            <sequence>6</sequence>
            <sys_created_by>admin</sys_created_by>
            <sys_created_on>2019-08-02 04:00:45</sys_created_on>
            <sys_domain>global</sys_domain>
            <sys_domain_path>/</sys_domain_path>
            <sys_id>f047258ddb433300143c9fd2ca9619e7</sys_id>
            <sys_mod_count>0</sys_mod_count>
            <sys_updated_by>admin</sys_updated_by>
            <sys_updated_on>2019-08-02 04:00:45</sys_updated_on>
            <value>g-107</value>
        </sys_choice>
        <sys_choice action="INSERT_OR_UPDATE">
            <dependent_value/>
            <element>u_choice_5</element>
            <hint/>
            <inactive>false</inactive>
            <label>G-108</label>
            <language>en</language>
            <name>x_386573_unicorns_accommodation</name>
            <sequence>7</sequence>
            <sys_created_by>admin</sys_created_by>
            <sys_created_on>2019-08-02 04:00:45</sys_created_on>
            <sys_domain>global</sys_domain>
            <sys_domain_path>/</sys_domain_path>
            <sys_id>7047258ddb433300143c9fd2ca9619e8</sys_id>
            <sys_mod_count>0</sys_mod_count>
            <sys_updated_by>admin</sys_updated_by>
            <sys_updated_on>2019-08-02 04:00:45</sys_updated_on>
            <value>g-108</value>
        </sys_choice>
        <sys_choice action="INSERT_OR_UPDATE">
            <dependent_value/>
            <element>u_choice_5</element>
            <hint/>
            <inactive>false</inactive>
            <label>G-109</label>
            <language>en</language>
            <name>x_386573_unicorns_accommodation</name>
            <sequence>8</sequence>
            <sys_created_by>admin</sys_created_by>
            <sys_created_on>2019-08-02 04:00:45</sys_created_on>
            <sys_domain>global</sys_domain>
            <sys_domain_path>/</sys_domain_path>
            <sys_id>fc47258ddb433300143c9fd2ca9619e8</sys_id>
            <sys_mod_count>0</sys_mod_count>
            <sys_updated_by>admin</sys_updated_by>
            <sys_updated_on>2019-08-02 04:00:45</sys_updated_on>
            <value>g-109</value>
        </sys_choice>
        <sys_choice action="INSERT_OR_UPDATE">
            <dependent_value/>
            <element>u_choice_5</element>
            <hint/>
            <inactive>false</inactive>
            <label>G-110</label>
            <language>en</language>
            <name>x_386573_unicorns_accommodation</name>
            <sequence>9</sequence>
            <sys_created_by>admin</sys_created_by>
            <sys_created_on>2019-08-02 04:00:45</sys_created_on>
            <sys_domain>global</sys_domain>
            <sys_domain_path>/</sys_domain_path>
            <sys_id>7c47258ddb433300143c9fd2ca9619e9</sys_id>
            <sys_mod_count>0</sys_mod_count>
            <sys_updated_by>admin</sys_updated_by>
            <sys_updated_on>2019-08-02 04:00:45</sys_updated_on>
            <value>g-110</value>
        </sys_choice>
        <sys_choice action="INSERT_OR_UPDATE">
            <dependent_value/>
            <element>u_choice_5</element>
            <hint/>
            <inactive>false</inactive>
            <label>B-101</label>
            <language>en</language>
            <name>x_386573_unicorns_accommodation</name>
            <sequence>10</sequence>
            <sys_created_by>admin</sys_created_by>
            <sys_created_on>2019-08-02 04:00:45</sys_created_on>
            <sys_domain>global</sys_domain>
            <sys_domain_path>/</sys_domain_path>
            <sys_id>f847258ddb433300143c9fd2ca9619ea</sys_id>
            <sys_mod_count>0</sys_mod_count>
            <sys_updated_by>admin</sys_updated_by>
            <sys_updated_on>2019-08-02 04:00:45</sys_updated_on>
            <value>b-101</value>
        </sys_choice>
        <sys_choice action="INSERT_OR_UPDATE">
            <dependent_value/>
            <element>u_choice_5</element>
            <hint/>
            <inactive>false</inactive>
            <label>B-102</label>
            <language>en</language>
            <name>x_386573_unicorns_accommodation</name>
            <sequence>11</sequence>
            <sys_created_by>admin</sys_created_by>
            <sys_created_on>2019-08-02 04:00:45</sys_created_on>
            <sys_domain>global</sys_domain>
            <sys_domain_path>/</sys_domain_path>
            <sys_id>7847258ddb433300143c9fd2ca9619eb</sys_id>
            <sys_mod_count>0</sys_mod_count>
            <sys_updated_by>admin</sys_updated_by>
            <sys_updated_on>2019-08-02 04:00:45</sys_updated_on>
            <value>b-102</value>
        </sys_choice>
        <sys_choice action="INSERT_OR_UPDATE">
            <dependent_value/>
            <element>u_choice_5</element>
            <hint/>
            <inactive>false</inactive>
            <label>B-103</label>
            <language>en</language>
            <name>x_386573_unicorns_accommodation</name>
            <sequence>12</sequence>
            <sys_created_by>admin</sys_created_by>
            <sys_created_on>2019-08-02 04:00:45</sys_created_on>
            <sys_domain>global</sys_domain>
            <sys_domain_path>/</sys_domain_path>
            <sys_id>f447258ddb433300143c9fd2ca9619ec</sys_id>
            <sys_mod_count>0</sys_mod_count>
            <sys_updated_by>admin</sys_updated_by>
            <sys_updated_on>2019-08-02 04:00:45</sys_updated_on>
            <value>b-103</value>
        </sys_choice>
        <sys_choice action="INSERT_OR_UPDATE">
            <dependent_value/>
            <element>u_choice_5</element>
            <hint/>
            <inactive>false</inactive>
            <label>B-104</label>
            <language>en</language>
            <name>x_386573_unicorns_accommodation</name>
            <sequence>13</sequence>
            <sys_created_by>admin</sys_created_by>
            <sys_created_on>2019-08-02 04:00:45</sys_created_on>
            <sys_domain>global</sys_domain>
            <sys_domain_path>/</sys_domain_path>
            <sys_id>7447258ddb433300143c9fd2ca9619ed</sys_id>
            <sys_mod_count>0</sys_mod_count>
            <sys_updated_by>admin</sys_updated_by>
            <sys_updated_on>2019-08-02 04:00:45</sys_updated_on>
            <value>b-104</value>
        </sys_choice>
        <sys_choice action="INSERT_OR_UPDATE">
            <dependent_value/>
            <element>u_choice_5</element>
            <hint/>
            <inactive>false</inactive>
            <label>B-105</label>
            <language>en</language>
            <name>x_386573_unicorns_accommodation</name>
            <sequence>14</sequence>
            <sys_created_by>admin</sys_created_by>
            <sys_created_on>2019-08-02 04:00:45</sys_created_on>
            <sys_domain>global</sys_domain>
            <sys_domain_path>/</sys_domain_path>
            <sys_id>f047258ddb433300143c9fd2ca9619ee</sys_id>
            <sys_mod_count>0</sys_mod_count>
            <sys_updated_by>admin</sys_updated_by>
            <sys_updated_on>2019-08-02 04:00:45</sys_updated_on>
            <value>b-105</value>
        </sys_choice>
        <sys_choice action="INSERT_OR_UPDATE">
            <dependent_value/>
            <element>u_choice_5</element>
            <hint/>
            <inactive>false</inactive>
            <label>B-106</label>
            <language>en</language>
            <name>x_386573_unicorns_accommodation</name>
            <sequence>15</sequence>
            <sys_created_by>admin</sys_created_by>
            <sys_created_on>2019-08-02 04:00:45</sys_created_on>
            <sys_domain>global</sys_domain>
            <sys_domain_path>/</sys_domain_path>
            <sys_id>7047258ddb433300143c9fd2ca9619ef</sys_id>
            <sys_mod_count>0</sys_mod_count>
            <sys_updated_by>admin</sys_updated_by>
            <sys_updated_on>2019-08-02 04:00:45</sys_updated_on>
            <value>b-106</value>
        </sys_choice>
        <sys_choice action="INSERT_OR_UPDATE">
            <dependent_value/>
            <element>u_choice_5</element>
            <hint/>
            <inactive>false</inactive>
            <label>B-107</label>
            <language>en</language>
            <name>x_386573_unicorns_accommodation</name>
            <sequence>16</sequence>
            <sys_created_by>admin</sys_created_by>
            <sys_created_on>2019-08-02 04:00:45</sys_created_on>
            <sys_domain>global</sys_domain>
            <sys_domain_path>/</sys_domain_path>
            <sys_id>fc47258ddb433300143c9fd2ca9619ef</sys_id>
            <sys_mod_count>0</sys_mod_count>
            <sys_updated_by>admin</sys_updated_by>
            <sys_updated_on>2019-08-02 04:00:45</sys_updated_on>
            <value>b-107</value>
        </sys_choice>
        <sys_choice action="INSERT_OR_UPDATE">
            <dependent_value/>
            <element>u_choice_5</element>
            <hint/>
            <inactive>false</inactive>
            <label>B-108</label>
            <language>en</language>
            <name>x_386573_unicorns_accommodation</name>
            <sequence>17</sequence>
            <sys_created_by>admin</sys_created_by>
            <sys_created_on>2019-08-02 04:00:45</sys_created_on>
            <sys_domain>global</sys_domain>
            <sys_domain_path>/</sys_domain_path>
            <sys_id>7c47258ddb433300143c9fd2ca9619f0</sys_id>
            <sys_mod_count>0</sys_mod_count>
            <sys_updated_by>admin</sys_updated_by>
            <sys_updated_on>2019-08-02 04:00:45</sys_updated_on>
            <value>b-108</value>
        </sys_choice>
        <sys_choice action="INSERT_OR_UPDATE">
            <dependent_value/>
            <element>u_choice_5</element>
            <hint/>
            <inactive>false</inactive>
            <label>B-109</label>
            <language>en</language>
            <name>x_386573_unicorns_accommodation</name>
            <sequence>18</sequence>
            <sys_created_by>admin</sys_created_by>
            <sys_created_on>2019-08-02 04:00:45</sys_created_on>
            <sys_domain>global</sys_domain>
            <sys_domain_path>/</sys_domain_path>
            <sys_id>f847258ddb433300143c9fd2ca9619f1</sys_id>
            <sys_mod_count>0</sys_mod_count>
            <sys_updated_by>admin</sys_updated_by>
            <sys_updated_on>2019-08-02 04:00:45</sys_updated_on>
            <value>b-109</value>
        </sys_choice>
        <sys_choice action="INSERT_OR_UPDATE">
            <dependent_value/>
            <element>u_choice_5</element>
            <hint/>
            <inactive>false</inactive>
            <label>B-110</label>
            <language>en</language>
            <name>x_386573_unicorns_accommodation</name>
            <sequence>19</sequence>
            <sys_created_by>admin</sys_created_by>
            <sys_created_on>2019-08-02 04:00:45</sys_created_on>
            <sys_domain>global</sys_domain>
            <sys_domain_path>/</sys_domain_path>
            <sys_id>7847258ddb433300143c9fd2ca9619f2</sys_id>
            <sys_mod_count>0</sys_mod_count>
            <sys_updated_by>admin</sys_updated_by>
            <sys_updated_on>2019-08-02 04:00:45</sys_updated_on>
            <value>b-110</value>
        </sys_choice>
        <sys_choice_set action="INSERT_OR_UPDATE">
            <element>u_choice_5</element>
            <name>x_386573_unicorns_accommodation</name>
            <sys_class_name>sys_choice_set</sys_class_name>
            <sys_created_by>admin</sys_created_by>
            <sys_created_on>2019-08-02 04:00:45</sys_created_on>
            <sys_id>7447258ddb433300143c9fd2ca9619e2</sys_id>
            <sys_mod_count>0</sys_mod_count>
            <sys_name>u_choice_5</sys_name>
            <sys_package display_value="unicorns" source="x_386573_unicorns">a8a4a90ddb033300143c9fd2ca961918</sys_package>
            <sys_policy/>
            <sys_scope display_value="unicorns">a8a4a90ddb033300143c9fd2ca961918</sys_scope>
            <sys_update_name>sys_choice_x_386573_unicorns_accommodation_u_choice_5</sys_update_name>
            <sys_updated_by>admin</sys_updated_by>
            <sys_updated_on>2019-08-02 04:00:45</sys_updated_on>
        </sys_choice_set>
    </sys_choice>
</record_update>
