<?xml version="1.0" encoding="UTF-8"?><record_update>
    <sys_documentation element="u_choice_9" label="Workshop" language="en" table="x_386573_unicorns_registration">
        <sys_documentation action="INSERT_OR_UPDATE">
            <element>u_choice_9</element>
            <help/>
            <hint>It is a 2 days session delivered by official</hint>
            <label>Workshop</label>
            <language>en</language>
            <name>x_386573_unicorns_registration</name>
            <plural>Workshops</plural>
            <sys_class_name>sys_documentation</sys_class_name>
            <sys_created_by>admin</sys_created_by>
            <sys_created_on>2019-08-02 04:10:24</sys_created_on>
            <sys_id>0279e505db833300143c9fd2ca96199e</sys_id>
            <sys_mod_count>1</sys_mod_count>
            <sys_name>Workshop</sys_name>
            <sys_package display_value="unicorns" source="x_386573_unicorns">a8a4a90ddb033300143c9fd2ca961918</sys_package>
            <sys_policy/>
            <sys_scope display_value="unicorns">a8a4a90ddb033300143c9fd2ca961918</sys_scope>
            <sys_update_name>sys_documentation_x_386573_unicorns_registration_u_choice_9_en</sys_update_name>
            <sys_updated_by>admin</sys_updated_by>
            <sys_updated_on>2019-08-02 07:21:38</sys_updated_on>
            <url/>
            <url_target/>
        </sys_documentation>
    </sys_documentation>
</record_update>
