<?xml version="1.0" encoding="UTF-8"?><record_update>
    <sys_documentation element="" label="Event Venue" language="en" table="x_386573_unicorns_event_venue">
        <sys_documentation action="INSERT_OR_UPDATE">
            <element/>
            <help/>
            <hint/>
            <label>Event Venue</label>
            <language>en</language>
            <name>x_386573_unicorns_event_venue</name>
            <plural>Event Venues</plural>
            <sys_class_name>sys_documentation</sys_class_name>
            <sys_created_by>admin</sys_created_by>
            <sys_created_on>2019-08-02 04:02:28</sys_created_on>
            <sys_id>f9a7a501db833300143c9fd2ca9619ad</sys_id>
            <sys_mod_count>0</sys_mod_count>
            <sys_name>Event Venue</sys_name>
            <sys_package display_value="unicorns" source="x_386573_unicorns">a8a4a90ddb033300143c9fd2ca961918</sys_package>
            <sys_policy/>
            <sys_scope display_value="unicorns">a8a4a90ddb033300143c9fd2ca961918</sys_scope>
            <sys_update_name>sys_documentation_x_386573_unicorns_event_venue__en</sys_update_name>
            <sys_updated_by>admin</sys_updated_by>
            <sys_updated_on>2019-08-02 04:02:28</sys_updated_on>
            <url/>
            <url_target/>
        </sys_documentation>
    </sys_documentation>
</record_update>
