<?xml version="1.0" encoding="UTF-8"?><record_update>
    <sys_choice action="INSERT_OR_UPDATE" field="u_choice_10" table="x_386573_unicorns_registration" version="3">
        <sys_choice action="INSERT_OR_UPDATE">
            <dependent_value/>
            <element>u_choice_10</element>
            <hint/>
            <inactive>false</inactive>
            <label>None</label>
            <language>en</language>
            <name>x_386573_unicorns_registration</name>
            <sequence>0</sequence>
            <sys_created_by>admin</sys_created_by>
            <sys_created_on>2019-08-02 04:10:25</sys_created_on>
            <sys_domain>global</sys_domain>
            <sys_domain_path>/</sys_domain_path>
            <sys_id>d679e505db833300143c9fd2ca9619fa</sys_id>
            <sys_mod_count>0</sys_mod_count>
            <sys_updated_by>admin</sys_updated_by>
            <sys_updated_on>2019-08-02 04:10:25</sys_updated_on>
            <value>none</value>
        </sys_choice>
        <sys_choice action="INSERT_OR_UPDATE">
            <dependent_value/>
            <element>u_choice_10</element>
            <hint/>
            <inactive>false</inactive>
            <label>Industry 4.0</label>
            <language>en</language>
            <name>x_386573_unicorns_registration</name>
            <sequence>1</sequence>
            <sys_created_by>admin</sys_created_by>
            <sys_created_on>2019-08-02 04:10:25</sys_created_on>
            <sys_domain>global</sys_domain>
            <sys_domain_path>/</sys_domain_path>
            <sys_id>5679e505db833300143c9fd2ca9619fc</sys_id>
            <sys_mod_count>0</sys_mod_count>
            <sys_updated_by>admin</sys_updated_by>
            <sys_updated_on>2019-08-02 04:10:25</sys_updated_on>
            <value>industry 4.0</value>
        </sys_choice>
        <sys_choice action="INSERT_OR_UPDATE">
            <dependent_value/>
            <element>u_choice_10</element>
            <hint/>
            <inactive>false</inactive>
            <label>Agumented Reality</label>
            <language>en</language>
            <name>x_386573_unicorns_registration</name>
            <sequence>2</sequence>
            <sys_created_by>admin</sys_created_by>
            <sys_created_on>2019-08-02 04:10:25</sys_created_on>
            <sys_domain>global</sys_domain>
            <sys_domain_path>/</sys_domain_path>
            <sys_id>1279e505db833300143c9fd2ca9619fe</sys_id>
            <sys_mod_count>0</sys_mod_count>
            <sys_updated_by>admin</sys_updated_by>
            <sys_updated_on>2019-08-02 04:10:25</sys_updated_on>
            <value>agumented reality</value>
        </sys_choice>
        <sys_choice action="INSERT_OR_UPDATE">
            <dependent_value/>
            <element>u_choice_10</element>
            <hint/>
            <inactive>false</inactive>
            <label>Block Chain</label>
            <language>en</language>
            <name>x_386573_unicorns_registration</name>
            <sequence>3</sequence>
            <sys_created_by>admin</sys_created_by>
            <sys_created_on>2019-08-02 04:10:25</sys_created_on>
            <sys_domain>global</sys_domain>
            <sys_domain_path>/</sys_domain_path>
            <sys_id>da79e505db833300143c9fd2ca9619ff</sys_id>
            <sys_mod_count>0</sys_mod_count>
            <sys_updated_by>admin</sys_updated_by>
            <sys_updated_on>2019-08-02 04:10:25</sys_updated_on>
            <value>block chain</value>
        </sys_choice>
        <sys_choice action="INSERT_OR_UPDATE">
            <dependent_value/>
            <element>u_choice_10</element>
            <hint/>
            <inactive>false</inactive>
            <label>Sixth Sense Robotics</label>
            <language>en</language>
            <name>x_386573_unicorns_registration</name>
            <sequence>4</sequence>
            <sys_created_by>admin</sys_created_by>
            <sys_created_on>2019-08-02 04:10:25</sys_created_on>
            <sys_domain>global</sys_domain>
            <sys_domain_path>/</sys_domain_path>
            <sys_id>96792905db833300143c9fd2ca961901</sys_id>
            <sys_mod_count>0</sys_mod_count>
            <sys_updated_by>admin</sys_updated_by>
            <sys_updated_on>2019-08-02 04:10:25</sys_updated_on>
            <value>sixth sense robotics</value>
        </sys_choice>
        <sys_choice action="INSERT_OR_UPDATE">
            <dependent_value/>
            <element>u_choice_10</element>
            <hint/>
            <inactive>false</inactive>
            <label>Foundation Analysis</label>
            <language>en</language>
            <name>x_386573_unicorns_registration</name>
            <sequence>5</sequence>
            <sys_created_by>admin</sys_created_by>
            <sys_created_on>2019-08-02 04:10:25</sys_created_on>
            <sys_domain>global</sys_domain>
            <sys_domain_path>/</sys_domain_path>
            <sys_id>52792905db833300143c9fd2ca961903</sys_id>
            <sys_mod_count>0</sys_mod_count>
            <sys_updated_by>admin</sys_updated_by>
            <sys_updated_on>2019-08-02 04:10:25</sys_updated_on>
            <value>foundation analysis</value>
        </sys_choice>
        <sys_choice action="INSERT_OR_UPDATE">
            <dependent_value/>
            <element>u_choice_10</element>
            <hint/>
            <inactive>false</inactive>
            <label>Automatic Electronics</label>
            <language>en</language>
            <name>x_386573_unicorns_registration</name>
            <sequence>6</sequence>
            <sys_created_by>admin</sys_created_by>
            <sys_created_on>2019-08-02 04:10:25</sys_created_on>
            <sys_domain>global</sys_domain>
            <sys_domain_path>/</sys_domain_path>
            <sys_id>1e792905db833300143c9fd2ca961904</sys_id>
            <sys_mod_count>0</sys_mod_count>
            <sys_updated_by>admin</sys_updated_by>
            <sys_updated_on>2019-08-02 04:10:25</sys_updated_on>
            <value>automatic electronics</value>
        </sys_choice>
        <sys_choice action="INSERT_OR_UPDATE">
            <dependent_value/>
            <element>u_choice_10</element>
            <hint/>
            <inactive>false</inactive>
            <label>Amazon Webservices</label>
            <language>en</language>
            <name>x_386573_unicorns_registration</name>
            <sequence>7</sequence>
            <sys_created_by>admin</sys_created_by>
            <sys_created_on>2019-08-02 04:10:25</sys_created_on>
            <sys_domain>global</sys_domain>
            <sys_domain_path>/</sys_domain_path>
            <sys_id>d6792905db833300143c9fd2ca961906</sys_id>
            <sys_mod_count>0</sys_mod_count>
            <sys_updated_by>admin</sys_updated_by>
            <sys_updated_on>2019-08-02 04:10:25</sys_updated_on>
            <value>amazon webservices</value>
        </sys_choice>
        <sys_choice_set action="INSERT_OR_UPDATE">
            <element>u_choice_10</element>
            <name>x_386573_unicorns_registration</name>
            <sys_class_name>sys_choice_set</sys_class_name>
            <sys_created_by>admin</sys_created_by>
            <sys_created_on>2019-08-02 04:10:25</sys_created_on>
            <sys_id>1279e505db833300143c9fd2ca9619fb</sys_id>
            <sys_mod_count>0</sys_mod_count>
            <sys_name>u_choice_10</sys_name>
            <sys_package display_value="unicorns" source="x_386573_unicorns">a8a4a90ddb033300143c9fd2ca961918</sys_package>
            <sys_policy/>
            <sys_scope display_value="unicorns">a8a4a90ddb033300143c9fd2ca961918</sys_scope>
            <sys_update_name>sys_choice_x_386573_unicorns_registration_u_choice_10</sys_update_name>
            <sys_updated_by>admin</sys_updated_by>
            <sys_updated_on>2019-08-02 04:10:25</sys_updated_on>
        </sys_choice_set>
    </sys_choice>
</record_update>
